star_id,day,instrument,0
12572,2020-01-21,hires_j,1
12572,2020-01-22,hires_j,1
12572,2020-01-30,hires_j,1
12572,2020-01-31,hires_j,1
12572,2020-02-05,hires_j,1
12572,2020-02-19,apf,3
12572,2020-02-20,apf,3
12572,2020-02-24,hires_j,1
12572,2020-02-25,apf,3
12572,2020-02-25,hires_j,1
12572,2020-02-26,hires_j,1
12572,2020-06-24,apf,1
12572,2020-06-26,apf,2
12572,2020-06-28,hires_j,1
12572,2020-07-01,apf,3
12572,2020-07-03,apf,3
12572,2020-07-05,apf,3
12572,2020-07-05,hires_j,1
12572,2020-07-06,apf,3
12572,2020-07-08,hires_j,1
12572,2020-07-09,apf,1
12572,2020-07-10,hires_j,1
12572,2020-07-11,apf,1
12572,2020-07-12,apf,1
12572,2020-07-21,apf,1
12572,2020-07-22,apf,1
12572,2020-07-25,apf,1
12572,2020-07-26,apf,1
12572,2020-07-29,apf,1
12572,2020-07-30,apf,1
12572,2020-08-01,apf,1
12572,2020-08-02,hires_j,1
12572,2020-08-03,apf,1
12572,2020-08-07,hires_j,1
12572,2020-08-08,apf,1
12572,2020-08-12,apf,1
12572,2020-08-15,apf,1
12572,2020-08-26,hires_j,1
12572,2020-08-30,hires_j,1
12572,2020-09-22,hires_j,1
12572,2020-09-23,hires_j,1
12572,2020-09-24,hires_j,1
12572,2020-09-25,hires_j,1
12572,2020-09-29,hires_j,1
12572,2020-09-30,hires_j,1
12572,2020-10-01,hires_j,1
12572,2020-10-20,hires_j,1
12572,2020-10-25,apf,1
12572,2020-11-02,apf,1
12572,2020-11-03,apf,1
12572,2020-11-04,apf,1
12572,2020-11-05,apf,1
12572,2020-11-13,apf,1
12572,2020-11-15,apf,1
12572,2020-11-16,apf,1
12572,2020-11-22,apf,1
12572,2020-11-25,apf,1
12572,2020-11-30,apf,1
12572,2020-12-04,hires_j,1
12572,2020-12-05,apf,1
12572,2020-12-05,hires_j,1
12572,2020-12-09,apf,1
12572,2020-12-21,apf,1
12572,2021-01-08,apf,1
12572,2021-01-13,apf,1
12572,2021-01-24,hires_j,1
12572,2021-02-08,apf,1
12572,2021-02-22,hires_j,1
12572,2021-03-07,hires_j,1
12572,2021-06-14,hires_j,1
12572,2021-06-16,hires_j,1
12572,2021-06-18,hires_j,1
12572,2021-06-19,hires_j,1
12572,2021-06-20,hires_j,1
12572,2021-06-22,hires_j,1
12572,2021-06-23,apf,1
12572,2021-06-23,hires_j,1
12572,2021-06-24,apf,1
12572,2021-06-24,hires_j,1
12572,2021-06-30,hires_j,1
12572,2021-07-10,hires_j,1
12572,2021-07-16,apf,1
12572,2021-07-17,apf,1
12572,2021-07-18,apf,1
12572,2021-07-20,apf,1
12572,2021-07-22,hires_j,1
12572,2021-07-23,apf,1
12572,2021-07-24,apf,1
12572,2021-07-25,apf,1
12572,2021-07-25,hires_j,1
135694,2019-10-25,apf,2
135694,2019-10-27,apf,2
135694,2019-10-30,apf,2
135694,2019-10-31,apf,2
135694,2019-11-01,apf,2
135694,2019-11-03,apf,2
135694,2019-11-04,apf,2
135694,2019-11-05,apf,2
135694,2019-11-06,apf,2
135694,2019-11-07,apf,2
135694,2019-11-08,apf,2
135694,2019-11-09,apf,2
135694,2019-11-10,apf,2
135694,2019-11-19,apf,1
135694,2019-11-21,apf,2
135694,2019-11-24,apf,2
135694,2019-11-25,apf,2
135694,2019-12-16,apf,2
135694,2019-12-17,apf,2
135694,2019-12-20,apf,2
135694,2020-01-03,apf,2
135694,2020-01-04,hires_j,1
135694,2020-01-06,apf,2
135694,2020-01-11,apf,2
135694,2020-01-12,apf,2
135694,2020-01-23,apf,2
135694,2020-01-24,apf,3
135694,2020-01-27,apf,2
135694,2020-01-28,apf,2
135694,2020-01-30,apf,2
135694,2020-01-31,apf,2
135694,2020-02-01,apf,2
135694,2020-02-05,apf,1
135694,2020-02-06,apf,1
135694,2020-02-07,apf,1
135694,2020-02-08,apf,1
135694,2020-02-12,apf,1
135694,2020-02-13,apf,1
135694,2020-02-15,apf,1
135694,2020-02-16,apf,1
135694,2020-02-18,apf,1
135694,2020-02-19,apf,1
135694,2020-02-20,apf,1
135694,2020-02-21,apf,2
135694,2020-02-27,apf,1
135694,2020-03-06,apf,1
135694,2020-03-08,hires_j,1
135694,2020-03-09,hires_j,1
135694,2020-03-10,hires_j,1
135694,2020-03-12,apf,1
135694,2020-03-13,apf,1
135694,2020-04-22,apf,1
135694,2020-04-27,apf,1
135694,2020-05-07,apf,1
135694,2020-05-08,apf,1
135694,2020-05-30,hires_j,1
135694,2020-06-02,hires_j,1
135694,2020-06-03,apf,1
135694,2020-06-03,hires_j,1
135694,2020-06-06,hires_j,1
135694,2020-06-07,hires_j,1
135694,2020-06-09,apf,1
135694,2020-06-10,hires_j,1
135694,2020-06-11,apf,1
135694,2020-06-11,hires_j,1
135694,2020-06-12,hires_j,1
135694,2020-06-13,hires_j,1
135694,2020-06-16,hires_j,1
135694,2020-06-18,apf,1
135694,2020-06-18,hires_j,1
135694,2020-06-24,hires_j,1
135694,2020-06-25,hires_j,1
135694,2020-06-27,hires_j,1
135694,2020-06-28,hires_j,1
135694,2020-06-29,hires_j,1
135694,2020-06-30,hires_j,1
135694,2020-07-01,hires_j,1
135694,2020-07-04,hires_j,1
135694,2020-07-05,hires_j,1
135694,2020-07-06,hires_j,1
135694,2020-07-08,hires_j,1
135694,2020-07-09,hires_j,1
135694,2020-07-10,hires_j,1
135694,2020-07-11,hires_j,1
135694,2020-07-12,hires_j,1
135694,2020-07-21,hires_j,1
135694,2020-07-27,hires_j,1
135694,2020-08-16,hires_j,1
135694,2020-08-26,hires_j,1
135694,2020-08-30,hires_j,1
135694,2020-09-07,hires_j,1
135694,2020-09-22,hires_j,1
135694,2020-09-23,hires_j,1
135694,2020-09-28,hires_j,1
135694,2020-09-29,hires_j,1
135694,2020-09-30,hires_j,1
135694,2020-10-01,hires_j,1
135694,2021-02-26,hires_j,1
135694,2021-03-23,hires_j,1
135694,2021-05-19,hires_j,1
135694,2021-05-22,apf,1
135694,2021-05-27,hires_j,1
135694,2021-05-29,apf,1
135694,2021-06-02,hires_j,1
135694,2021-06-03,apf,1
135694,2021-06-03,hires_j,1
135694,2021-06-11,hires_j,2
135694,2021-06-13,hires_j,1
135694,2021-06-14,apf,1
135694,2021-06-16,hires_j,1
135694,2021-06-18,hires_j,1
135694,2021-06-19,hires_j,1
135694,2021-06-20,apf,1
135694,2021-06-20,hires_j,1
135694,2021-06-21,hires_j,1
135694,2021-06-25,apf,1
135694,2021-07-02,apf,1
135694,2021-07-04,hires_j,1
135694,2021-07-09,hires_j,1
135694,2021-07-10,apf,1
135694,2021-07-10,hires_j,1
135694,2021-07-13,hires_j,1
135694,2021-07-16,apf,1
135694,2021-07-19,hires_j,1
135694,2021-07-20,hires_j,1
135694,2021-07-21,apf,1
146757,2020-04-28,apf,3
146757,2020-06-28,hires_j,1
146757,2020-07-16,hires_j,1
146757,2020-08-06,hires_j,1
146757,2020-08-27,hires_j,1
146757,2020-08-31,hires_j,1
146757,2020-09-25,hires_j,1
146757,2020-09-28,hires_j,1
146757,2020-09-30,hires_j,1
146757,2020-10-31,hires_j,1
146757,2021-02-22,hires_j,1
146757,2021-03-23,hires_j,1
146757,2021-03-26,hires_j,1
146757,2021-03-28,apf,1
146757,2021-04-10,apf,1
146757,2021-04-15,apf,1
146757,2021-04-18,apf,1
146757,2021-04-24,apf,1
146757,2021-04-28,apf,1
146757,2021-05-02,apf,1
146757,2021-05-07,apf,1
146757,2021-05-11,apf,1
146757,2021-05-24,hires_j,1
146757,2021-06-02,hires_j,1
146757,2021-06-03,hires_j,1
146757,2021-06-11,hires_j,1
146757,2021-06-14,hires_j,1
146757,2021-06-16,hires_j,1
146757,2021-06-19,hires_j,1
146757,2021-06-20,hires_j,1
146757,2021-06-22,hires_j,1
146757,2021-06-23,hires_j,1
146757,2021-06-30,hires_j,1
146757,2021-07-04,hires_j,1
146757,2021-07-09,apf,1
146757,2021-07-09,hires_j,1
146757,2021-07-12,hires_j,1
146757,2021-07-16,hires_j,1
146757,2021-07-17,hires_j,1
146757,2021-07-18,apf,1
146757,2021-07-19,hires_j,1
146757,2021-07-24,apf,1
146757,2021-07-25,hires_j,1
154840,2019-12-13,apf,2
154840,2020-01-03,apf,1
154840,2020-01-27,apf,2
154840,2020-02-02,apf,1
154840,2020-02-04,apf,1
154840,2020-02-05,apf,1
154840,2020-02-06,apf,1
154840,2020-02-07,apf,1
154840,2020-02-08,apf,1
154840,2020-02-09,apf,1
154840,2020-02-12,apf,1
154840,2020-02-13,apf,1
154840,2020-02-14,apf,1
154840,2020-02-15,apf,1
154840,2020-02-16,apf,1
154840,2020-02-17,apf,1
154840,2020-02-19,apf,1
154840,2020-02-20,apf,1
154840,2020-02-21,apf,1
154840,2020-02-23,apf,1
154840,2020-02-24,apf,1
154840,2020-02-27,apf,1
154840,2020-03-06,apf,1
154840,2020-03-08,hires_j,1
154840,2020-03-09,hires_j,1
154840,2020-03-12,apf,1
154840,2020-03-13,apf,1
154840,2020-04-22,apf,1
154840,2020-04-25,apf,1
154840,2020-04-26,apf,1
154840,2020-04-27,apf,1
154840,2020-04-30,apf,1
154840,2020-05-01,apf,1
154840,2020-05-02,apf,1
154840,2020-05-04,apf,1
154840,2020-05-05,apf,1
154840,2020-05-07,apf,1
154840,2020-05-08,apf,1
154840,2020-05-10,apf,1
154840,2020-05-27,apf,1
154840,2020-05-30,hires_j,1
154840,2020-06-02,hires_j,1
154840,2020-06-03,apf,1
154840,2020-06-03,hires_j,1
154840,2020-06-06,hires_j,1
154840,2020-06-07,hires_j,1
154840,2020-06-09,apf,1
154840,2020-06-10,apf,1
154840,2020-06-10,hires_j,1
154840,2020-06-11,apf,1
154840,2020-06-11,hires_j,1
154840,2020-06-12,hires_j,1
154840,2020-06-13,hires_j,1
154840,2020-06-16,apf,1
154840,2020-06-16,hires_j,1
154840,2020-06-18,apf,1
154840,2020-06-18,hires_j,1
154840,2020-06-19,apf,1
154840,2020-06-23,apf,1
154840,2020-06-26,apf,1
154840,2020-06-27,hires_j,1
154840,2020-07-01,apf,1
154840,2020-07-03,apf,1
154840,2020-07-04,apf,1
154840,2020-07-05,apf,1
154840,2020-07-05,hires_j,3
154840,2020-07-09,apf,1
154840,2020-07-09,hires_j,1
154840,2020-07-10,hires_j,1
154840,2020-07-12,apf,1
154840,2020-07-12,hires_j,1
154840,2020-07-13,apf,1
154840,2020-07-14,apf,1
154840,2020-07-15,apf,1
154840,2020-07-21,apf,1
154840,2020-07-21,hires_j,1
154840,2020-07-22,apf,1
154840,2020-07-24,apf,1
154840,2020-07-25,apf,1
154840,2020-07-26,apf,1
154840,2020-07-29,apf,1
154840,2020-07-30,apf,1
154840,2020-08-01,apf,1
154840,2020-08-03,apf,1
154840,2020-08-07,hires_j,1
154840,2020-08-08,apf,1
154840,2020-08-10,apf,1
154840,2020-08-11,apf,1
154840,2020-08-16,apf,1
154840,2020-08-26,hires_j,1
154840,2020-08-28,hires_j,1
154840,2020-09-09,hires_j,1
154840,2020-09-27,hires_j,1
154840,2020-09-30,hires_j,1
154840,2020-10-01,hires_j,1
154840,2020-12-21,apf,1
154840,2021-01-14,apf,1
154840,2021-02-08,apf,1
154840,2021-02-23,hires_j,1
154840,2021-03-01,apf,1
154840,2021-03-22,hires_j,1
154840,2021-03-23,hires_j,1
154840,2021-03-26,hires_j,1
154840,2021-03-28,apf,1
154840,2021-04-19,apf,1
154840,2021-05-10,apf,1
154840,2021-05-19,hires_j,1
154840,2021-05-24,hires_j,1
154840,2021-06-02,hires_j,1
154840,2021-06-03,hires_j,1
154840,2021-06-08,hires_j,1
154840,2021-06-16,hires_j,1
154840,2021-06-19,hires_j,1
154840,2021-06-20,hires_j,1
154840,2021-06-21,hires_j,1
154840,2021-06-22,hires_j,1
154840,2021-06-24,hires_j,1
154840,2021-06-30,hires_j,1
154840,2021-07-04,hires_j,1
154840,2021-07-09,hires_j,1
154840,2021-07-10,hires_j,1
154840,2021-07-11,hires_j,1
154840,2021-07-13,hires_j,1
154840,2021-07-14,hires_j,1
154840,2021-07-16,hires_j,1
154840,2021-07-17,hires_j,1
154840,2021-07-19,hires_j,1
154840,2021-07-25,hires_j,1
156141,2020-05-30,hires_j,1
156141,2020-06-02,apf,1
156141,2020-06-03,apf,1
156141,2020-06-06,apf,1
156141,2020-06-09,apf,1
156141,2020-06-10,apf,1
156141,2020-06-11,apf,1
156141,2020-06-12,apf,1
156141,2020-06-16,apf,1
156141,2020-06-18,apf,1
156141,2020-06-19,apf,1
156141,2020-06-30,hires_j,1
156141,2020-07-06,hires_j,3
156141,2020-08-02,hires_j,1
156141,2020-08-25,hires_j,1
156141,2020-08-26,hires_j,1
156141,2020-08-27,hires_j,1
156141,2020-08-28,hires_j,1
156141,2020-08-29,hires_j,1
156141,2020-08-30,hires_j,1
156141,2020-08-31,hires_j,1
156141,2020-09-02,hires_j,1
156141,2020-09-05,hires_j,1
156141,2020-09-07,hires_j,1
156141,2020-09-22,hires_j,1
156141,2020-09-28,hires_j,1
156141,2020-09-30,hires_j,1
156141,2020-10-01,hires_j,1
156141,2020-11-02,hires_j,1
156141,2020-11-30,apf,1
156141,2020-12-02,apf,1
156141,2020-12-04,apf,1
156141,2020-12-06,apf,1
156141,2020-12-08,apf,1
156141,2020-12-13,apf,1
156141,2020-12-20,apf,1
156141,2021-01-09,apf,1
156141,2021-01-11,apf,1
156141,2021-01-14,apf,1
156141,2021-01-15,apf,1
156141,2021-01-18,apf,1
156141,2021-01-20,apf,1
156141,2021-01-22,apf,1
156141,2021-02-08,apf,1
156141,2021-02-17,apf,1
156141,2021-02-22,hires_j,1
156141,2021-02-23,apf,1
156141,2021-02-23,hires_j,1
156141,2021-02-24,apf,1
156141,2021-02-26,apf,1
156141,2021-03-01,apf,1
156141,2021-03-14,apf,1
156141,2021-03-22,apf,1
156141,2021-03-22,hires_j,1
156141,2021-03-27,apf,1
156141,2021-03-29,apf,1
156141,2021-03-31,apf,1
156141,2021-04-02,apf,1
156141,2021-04-04,apf,1
156141,2021-04-10,apf,1
156141,2021-04-12,apf,1
156141,2021-04-14,apf,1
156141,2021-04-16,apf,1
156141,2021-04-18,apf,1
156141,2021-04-20,apf,1
156141,2021-04-22,apf,1
156141,2021-04-24,apf,1
156141,2021-04-27,apf,1
156141,2021-04-29,apf,1
156141,2021-05-01,apf,1
156141,2021-05-03,apf,1
156141,2021-05-06,apf,1
156141,2021-05-08,apf,1
156141,2021-05-09,apf,1
156141,2021-05-11,apf,1
156141,2021-05-13,apf,1
156141,2021-05-15,apf,1
156141,2021-05-18,apf,1
156141,2021-05-20,hires_j,1
156141,2021-05-25,apf,1
156141,2021-05-26,apf,1
156141,2021-05-29,apf,1
156141,2021-05-30,apf,1
156141,2021-05-31,apf,1
156141,2021-06-01,apf,1
156141,2021-06-02,apf,1
156141,2021-06-02,hires_j,1
156141,2021-06-03,apf,1
156141,2021-06-03,hires_j,1
156141,2021-06-04,apf,1
156141,2021-06-05,apf,1
156141,2021-06-06,apf,1
156141,2021-06-07,apf,1
156141,2021-06-08,apf,1
156141,2021-06-09,apf,1
156141,2021-06-11,apf,1
156141,2021-06-12,apf,1
156141,2021-06-12,hires_j,1
156141,2021-06-13,apf,1
156141,2021-06-13,hires_j,1
156141,2021-06-14,apf,1
156141,2021-06-14,hires_j,1
156141,2021-06-15,apf,1
156141,2021-06-16,apf,1
156141,2021-06-16,hires_j,1
156141,2021-06-17,apf,1
156141,2021-06-18,apf,1
156141,2021-06-19,apf,1
156141,2021-06-20,apf,1
156141,2021-06-21,hires_j,1
156141,2021-06-22,apf,1
156141,2021-06-22,hires_j,1
156141,2021-06-23,apf,1
156141,2021-06-23,hires_j,1
156141,2021-06-24,apf,1
156141,2021-06-24,hires_j,1
156141,2021-06-25,apf,1
156141,2021-06-26,apf,1
156141,2021-06-27,apf,1
156141,2021-06-28,apf,1
156141,2021-06-29,apf,1
156141,2021-06-30,apf,1
156141,2021-07-01,apf,1
156141,2021-07-02,apf,1
156141,2021-07-03,apf,1
156141,2021-07-04,apf,1
156141,2021-07-04,hires_j,1
156141,2021-07-06,apf,1
156141,2021-07-07,apf,1
156141,2021-07-09,apf,1
156141,2021-07-09,hires_j,1
156141,2021-07-10,apf,1
156141,2021-07-11,apf,1
156141,2021-07-11,hires_j,1
156141,2021-07-12,apf,1
156141,2021-07-13,apf,1
156141,2021-07-13,hires_j,1
156141,2021-07-14,hires_j,1
156141,2021-07-16,apf,1
156141,2021-07-16,hires_j,1
156141,2021-07-17,apf,1
156141,2021-07-17,hires_j,1
156141,2021-07-18,apf,1
156141,2021-07-18,hires_j,1
156141,2021-07-19,apf,1
156141,2021-07-19,hires_j,1
156141,2021-07-20,apf,1
156141,2021-07-21,apf,1
156141,2021-07-22,apf,1
156141,2021-07-23,apf,1
156141,2021-07-24,apf,1
156141,2021-07-25,apf,1
156141,2021-07-25,hires_j,1
156141,2021-07-26,apf,1
191939,2019-11-08,hires_j,1
191939,2019-11-15,hires_j,1
191939,2019-11-28,hires_j,1
191939,2019-12-02,hires_j,1
191939,2019-12-10,hires_j,1
191939,2019-12-15,hires_j,1
191939,2019-12-16,hires_j,1
191939,2019-12-17,apf,2
191939,2019-12-20,apf,2
191939,2019-12-27,hires_j,1
191939,2019-12-28,hires_j,1
191939,2019-12-29,apf,2
191939,2020-01-04,apf,2
191939,2020-01-04,hires_j,1
191939,2020-01-06,apf,2
191939,2020-01-09,hires_j,1
191939,2020-01-11,apf,2
191939,2020-01-12,apf,2
191939,2020-01-23,apf,2
191939,2020-01-28,apf,2
191939,2020-02-01,apf,2
191939,2020-02-02,apf,1
191939,2020-02-06,apf,1
191939,2020-02-17,apf,1
191939,2020-02-28,apf,1
191939,2020-03-04,apf,1
191939,2020-03-06,apf,1
191939,2020-03-13,apf,1
191939,2020-04-15,apf,1
191939,2020-04-22,apf,1
191939,2020-04-25,apf,1
191939,2020-04-27,apf,1
191939,2020-04-29,apf,1
191939,2020-04-30,apf,1
191939,2020-05-01,apf,1
191939,2020-05-02,apf,1
191939,2020-05-04,apf,1
191939,2020-05-05,apf,1
191939,2020-05-07,apf,1
191939,2020-05-08,apf,1
191939,2020-05-09,apf,1
191939,2020-05-10,apf,1
191939,2020-05-11,apf,1
191939,2020-05-16,apf,1
191939,2020-05-26,hires_j,1
191939,2020-05-27,apf,1
191939,2020-05-30,hires_j,1
191939,2020-06-02,apf,1
191939,2020-06-02,hires_j,1
191939,2020-06-03,apf,1
191939,2020-06-03,hires_j,1
191939,2020-06-05,apf,1
191939,2020-06-06,apf,1
191939,2020-06-06,hires_j,1
191939,2020-06-07,hires_j,1
191939,2020-06-09,apf,1
191939,2020-06-10,apf,1
191939,2020-06-10,hires_j,1
191939,2020-06-11,apf,1
191939,2020-06-11,hires_j,1
191939,2020-06-12,apf,1
191939,2020-06-12,hires_j,1
191939,2020-06-13,hires_j,1
191939,2020-06-16,apf,1
191939,2020-06-16,hires_j,1
191939,2020-06-17,apf,1
191939,2020-06-18,apf,1
191939,2020-06-18,hires_j,1
191939,2020-06-19,apf,1
191939,2020-06-24,hires_j,1
191939,2020-06-25,hires_j,1
191939,2020-06-27,apf,1
191939,2020-06-27,hires_j,1
191939,2020-06-28,apf,1
191939,2020-06-28,hires_j,1
191939,2020-06-29,hires_j,1
191939,2020-06-30,apf,1
191939,2020-06-30,hires_j,1
191939,2020-07-01,hires_j,1
191939,2020-07-04,apf,1
191939,2020-07-04,hires_j,1
191939,2020-07-05,hires_j,1
191939,2020-07-06,hires_j,1
191939,2020-07-08,hires_j,1
191939,2020-07-09,apf,1
191939,2020-07-09,hires_j,1
191939,2020-07-10,hires_j,1
191939,2020-07-11,apf,1
191939,2020-07-11,hires_j,1
191939,2020-07-12,apf,1
191939,2020-07-12,hires_j,1
191939,2020-07-13,apf,1
191939,2020-07-14,apf,1
191939,2020-07-14,hires_j,1
191939,2020-07-15,apf,1
191939,2020-07-18,apf,1
191939,2020-07-19,apf,1
191939,2020-07-20,apf,1
191939,2020-07-21,apf,1
191939,2020-07-21,hires_j,1
191939,2020-07-22,apf,1
191939,2020-07-23,apf,1
191939,2020-07-24,apf,1
191939,2020-07-25,apf,1
191939,2020-07-26,apf,1
191939,2020-07-27,apf,1
191939,2020-07-27,hires_j,1
191939,2020-07-28,apf,1
191939,2020-07-29,apf,1
191939,2020-07-30,apf,1
191939,2020-07-31,apf,1
191939,2020-08-01,apf,1
191939,2020-08-02,apf,1
191939,2020-08-02,hires_j,1
191939,2020-08-03,apf,1
191939,2020-08-04,apf,1
191939,2020-08-05,apf,1
191939,2020-08-06,hires_j,1
191939,2020-08-07,apf,1
191939,2020-08-07,hires_j,1
191939,2020-08-08,apf,1
191939,2020-08-09,apf,1
191939,2020-08-10,apf,1
191939,2020-08-10,hires_j,1
191939,2020-08-11,apf,1
191939,2020-08-11,hires_j,1
191939,2020-08-12,apf,1
191939,2020-08-13,apf,1
191939,2020-08-14,apf,1
191939,2020-08-15,apf,1
191939,2020-08-16,hires_j,1
191939,2020-08-17,hires_j,1
191939,2020-08-26,hires_j,1
191939,2020-08-27,hires_j,1
191939,2020-08-28,hires_j,1
191939,2020-08-29,hires_j,1
191939,2020-08-30,hires_j,1
191939,2020-08-31,hires_j,1
191939,2020-09-02,hires_j,1
191939,2020-09-05,hires_j,1
191939,2020-09-07,hires_j,1
191939,2020-09-08,hires_j,1
191939,2020-09-09,hires_j,1
191939,2020-09-22,hires_j,1
191939,2020-09-25,hires_j,1
191939,2020-09-26,hires_j,1
191939,2020-09-27,hires_j,1
191939,2020-09-28,hires_j,1
191939,2020-09-29,hires_j,1
191939,2020-09-30,hires_j,1
191939,2020-10-01,hires_j,1
191939,2020-10-10,apf,1
191939,2020-10-13,apf,1
191939,2020-10-29,hires_j,1
191939,2020-10-31,hires_j,1
191939,2020-11-04,apf,1
191939,2020-11-15,apf,1
191939,2020-11-26,apf,1
191939,2020-11-28,hires_j,1
191939,2020-11-30,apf,1
191939,2020-12-02,apf,1
191939,2020-12-03,apf,1
191939,2020-12-04,apf,1
191939,2020-12-04,hires_j,1
191939,2020-12-05,apf,1
191939,2020-12-06,apf,1
191939,2020-12-06,hires_j,1
191939,2020-12-09,apf,1
191939,2020-12-20,apf,1
191939,2020-12-21,apf,1
191939,2020-12-25,hires_j,1
191939,2021-01-08,apf,1
191939,2021-01-10,apf,1
191939,2021-01-12,apf,1
191939,2021-01-13,apf,1
191939,2021-01-14,apf,1
191939,2021-01-15,apf,1
191939,2021-01-16,apf,1
191939,2021-01-20,apf,1
191939,2021-02-08,apf,1
191939,2021-02-18,apf,1
191939,2021-02-24,apf,1
191939,2021-03-22,apf,1
191939,2021-03-26,hires_j,1
191939,2021-03-27,apf,1
191939,2021-03-29,apf,1
191939,2021-03-31,apf,1
191939,2021-04-02,apf,1
191939,2021-04-09,hires_j,1
191939,2021-04-10,apf,1
191939,2021-04-11,apf,1
191939,2021-04-14,apf,1
191939,2021-04-15,apf,1
191939,2021-04-16,apf,1
191939,2021-04-18,apf,1
191939,2021-04-19,apf,1
191939,2021-04-20,apf,1
191939,2021-04-22,apf,1
191939,2021-04-23,apf,1
191939,2021-04-27,apf,1
191939,2021-04-28,apf,1
191939,2021-04-30,apf,1
191939,2021-05-01,apf,1
191939,2021-05-02,apf,1
191939,2021-05-03,apf,1
191939,2021-05-04,apf,1
191939,2021-05-05,apf,1
191939,2021-05-06,apf,1
191939,2021-05-07,apf,1
191939,2021-05-08,apf,1
191939,2021-05-09,apf,1
191939,2021-05-10,apf,1
191939,2021-05-11,apf,1
191939,2021-05-12,apf,2
191939,2021-05-15,apf,1
191939,2021-05-16,apf,1
191939,2021-05-17,apf,1
191939,2021-05-18,apf,1
191939,2021-05-19,apf,1
191939,2021-05-20,apf,1
191939,2021-05-21,apf,1
191939,2021-05-21,hires_j,1
191939,2021-05-29,apf,1
191939,2021-06-02,hires_j,1
191939,2021-06-05,apf,1
191939,2021-06-11,apf,1
191939,2021-06-12,hires_j,1
191939,2021-06-13,apf,1
191939,2021-06-15,apf,1
191939,2021-06-16,apf,1
191939,2021-06-16,hires_j,1
191939,2021-06-18,apf,1
191939,2021-06-19,apf,1
191939,2021-06-20,apf,1
191939,2021-06-22,apf,1
191939,2021-06-23,apf,1
191939,2021-06-24,apf,1
191939,2021-06-25,apf,1
191939,2021-06-26,apf,1
191939,2021-06-27,apf,1
191939,2021-06-28,apf,1
191939,2021-06-29,apf,1
191939,2021-06-30,apf,1
191939,2021-07-02,apf,1
191939,2021-07-03,apf,1
191939,2021-07-04,apf,1
191939,2021-07-04,hires_j,1
191939,2021-07-06,apf,1
191939,2021-07-07,apf,1
191939,2021-07-09,apf,1
191939,2021-07-10,apf,1
191939,2021-07-11,apf,1
191939,2021-07-11,hires_j,1
191939,2021-07-12,apf,1
191939,2021-07-13,apf,1
191939,2021-07-16,apf,1
191939,2021-07-16,hires_j,1
191939,2021-07-17,apf,1
191939,2021-07-18,apf,1
191939,2021-07-19,apf,1
191939,2021-07-20,apf,1
191939,2021-07-21,apf,1
191939,2021-07-22,apf,1
191939,2021-07-22,hires_j,1
191939,2021-07-23,apf,1
191939,2021-07-24,apf,1
191939,2021-07-25,apf,1
191939,2021-07-25,hires_j,1
191939,2021-07-26,apf,1
207897,2005-08-20,hires_j,1
207897,2006-08-14,hires_j,1
207897,2013-10-23,hires_j,1
207897,2015-08-02,hires_j,1
207897,2020-01-21,hires_j,1
207897,2020-06-02,apf,1
207897,2020-06-03,apf,1
207897,2020-06-03,hires_j,1
207897,2020-06-04,apf,1
207897,2020-06-05,apf,1
207897,2020-06-06,apf,1
207897,2020-06-07,hires_j,3
207897,2020-06-08,apf,1
207897,2020-06-09,apf,1
207897,2020-06-10,apf,1
207897,2020-06-11,apf,1
207897,2020-06-12,apf,1
207897,2020-06-16,apf,1
207897,2020-06-17,apf,1
207897,2020-06-18,apf,1
207897,2020-07-08,hires_j,1
207897,2020-07-09,apf,1
207897,2020-07-29,apf,1
207897,2020-08-17,hires_j,1
207897,2020-08-27,hires_j,1
207897,2020-08-28,hires_j,1
207897,2020-08-29,hires_j,1
207897,2020-08-30,hires_j,1
207897,2020-08-31,hires_j,1
207897,2020-09-02,hires_j,1
207897,2020-09-05,hires_j,1
207897,2020-09-07,hires_j,1
207897,2020-09-08,hires_j,1
207897,2020-09-09,hires_j,1
207897,2020-09-22,hires_j,1
207897,2020-09-26,hires_j,1
207897,2020-09-27,hires_j,1
207897,2020-09-28,hires_j,1
207897,2020-09-30,hires_j,1
207897,2020-10-01,hires_j,1
207897,2020-10-08,apf,1
207897,2020-10-20,hires_j,1
207897,2020-10-29,apf,1
207897,2020-10-31,hires_j,1
207897,2020-11-08,hires_j,1
207897,2020-11-25,apf,1
207897,2020-11-28,hires_j,1
207897,2020-12-04,hires_j,1
207897,2020-12-05,hires_j,1
207897,2020-12-06,hires_j,1
207897,2020-12-20,apf,1
207897,2021-01-09,apf,1
207897,2021-02-07,apf,1
207897,2021-02-28,apf,1
207897,2021-03-22,apf,1
207897,2021-04-11,apf,1
207897,2021-05-02,apf,1
207897,2021-05-21,apf,1
207897,2021-05-26,apf,1
207897,2021-06-02,hires_j,1
207897,2021-06-03,apf,1
207897,2021-06-03,hires_j,2
207897,2021-06-11,apf,1
207897,2021-06-16,hires_j,1
207897,2021-06-17,apf,1
207897,2021-06-18,hires_j,1
207897,2021-06-21,hires_j,1
207897,2021-06-22,apf,1
207897,2021-06-23,hires_j,1
207897,2021-06-24,hires_j,1
207897,2021-06-27,apf,1
207897,2021-07-02,apf,1
207897,2021-07-04,hires_j,1
207897,2021-07-09,apf,1
207897,2021-07-09,hires_j,1
207897,2021-07-10,hires_j,1
207897,2021-07-13,hires_j,1
207897,2021-07-16,apf,1
207897,2021-07-19,hires_j,1
207897,2021-07-21,apf,1
207897,2021-07-22,hires_j,1
207897,2021-07-26,apf,1
219134,2004-08-21,hires_j,2
219134,2004-10-23,hires_j,1
219134,2004-11-29,hires_j,4
219134,2005-06-25,hires_j,4
219134,2005-06-26,hires_j,3
219134,2005-06-27,hires_j,2
219134,2005-06-28,hires_j,5
219134,2005-06-29,hires_j,4
219134,2005-06-30,hires_j,4
219134,2005-07-19,hires_j,3
219134,2005-11-18,hires_j,3
219134,2005-11-19,hires_j,6
219134,2005-11-20,hires_j,6
219134,2005-11-21,hires_j,3
219134,2005-11-22,hires_j,3
219134,2005-12-20,hires_j,3
219134,2006-01-11,hires_j,3
219134,2006-01-13,hires_j,3
219134,2006-01-14,hires_j,3
219134,2006-01-15,hires_j,3
219134,2006-01-16,hires_j,3
219134,2006-01-17,hires_j,3
219134,2006-01-18,hires_j,3
219134,2006-07-09,hires_j,3
219134,2006-09-04,hires_j,3
219134,2006-12-15,hires_j,3
219134,2006-12-16,hires_j,3
219134,2007-05-27,hires_j,1
219134,2007-05-28,hires_j,1
219134,2007-05-29,hires_j,1
219134,2007-05-30,hires_j,1
219134,2007-06-27,hires_j,1
219134,2007-06-28,hires_j,1
219134,2007-07-04,hires_j,1
219134,2007-07-13,hires_j,1
219134,2007-07-23,hires_j,2
219134,2007-07-24,hires_j,2
219134,2007-07-25,hires_j,2
219134,2007-07-26,hires_j,1
219134,2007-07-27,hires_j,2
219134,2007-07-28,hires_j,2
219134,2007-07-29,hires_j,2
219134,2007-07-30,hires_j,2
219134,2007-07-31,hires_j,2
219134,2007-08-01,hires_j,2
219134,2007-08-02,hires_j,2
219134,2007-08-23,hires_j,2
219134,2007-08-26,hires_j,1
219134,2007-08-31,hires_j,1
219134,2007-10-23,hires_j,1
219134,2007-10-24,hires_j,1
219134,2007-10-25,hires_j,2
219134,2008-06-18,hires_j,1
219134,2008-07-20,hires_j,1
219134,2008-07-26,hires_j,1
219134,2008-07-27,hires_j,1
219134,2008-07-28,hires_j,2
219134,2008-08-23,hires_j,1
219134,2008-08-25,hires_j,1
219134,2008-09-15,hires_j,1
219134,2008-11-08,hires_j,1
219134,2008-12-10,hires_j,1
219134,2008-12-19,hires_j,1
219134,2009-02-08,hires_j,1
219134,2009-06-01,hires_j,1
219134,2009-07-03,hires_j,1
219134,2009-07-09,hires_j,4
219134,2009-07-10,hires_j,4
219134,2009-07-14,hires_j,1
219134,2009-07-30,hires_j,1
219134,2009-08-06,hires_j,4
219134,2009-08-07,hires_j,1
219134,2009-09-07,hires_j,3
219134,2009-10-05,hires_j,1
219134,2009-10-30,hires_j,1
219134,2009-11-08,hires_j,5
219134,2009-12-02,hires_j,5
219134,2009-12-07,hires_j,1
219134,2009-12-23,hires_j,1
219134,2009-12-25,hires_j,1
219134,2009-12-27,hires_j,1
219134,2009-12-31,hires_j,1
219134,2010-01-01,hires_j,1
219134,2010-01-02,hires_j,1
219134,2010-01-04,hires_j,5
219134,2010-01-06,hires_j,2
219134,2010-06-23,hires_j,4
219134,2010-06-26,hires_j,1
219134,2010-07-18,hires_j,3
219134,2010-07-24,hires_j,1
219134,2010-07-27,hires_j,1
219134,2010-07-29,hires_j,1
219134,2010-09-23,hires_j,5
219134,2010-09-24,hires_j,6
219134,2010-09-25,hires_j,1
219134,2010-10-21,hires_j,1
219134,2010-11-15,hires_j,5
219134,2010-11-16,hires_j,5
219134,2010-11-17,hires_j,5
219134,2010-11-28,hires_j,1
219134,2010-12-12,hires_j,1
219134,2010-12-14,hires_j,1
219134,2010-12-19,hires_j,5
219134,2011-01-17,hires_j,5
219134,2011-01-18,hires_j,5
219134,2011-06-08,hires_j,2
219134,2011-06-19,hires_j,1
219134,2011-07-07,hires_j,4
219134,2011-07-08,hires_j,3
219134,2011-07-09,hires_j,1
219134,2011-07-10,hires_j,1
219134,2011-07-27,hires_j,1
219134,2011-09-21,hires_j,5
219134,2011-10-05,hires_j,5
219134,2011-10-06,hires_j,5
219134,2011-11-09,hires_j,5
219134,2011-11-10,hires_j,5
219134,2011-11-11,hires_j,3
219134,2011-12-15,hires_j,5
219134,2011-12-16,hires_j,5
219134,2011-12-17,hires_j,5
219134,2012-06-23,hires_j,1
219134,2012-07-05,hires_j,1
219134,2012-07-09,hires_j,5
219134,2012-08-24,hires_j,1
219134,2012-08-30,hires_j,3
219134,2012-09-24,hires_j,1
219134,2012-10-09,hires_j,1
219134,2013-05-21,hires_j,5
219134,2013-06-25,hires_j,1
219134,2013-06-30,hires_j,1
219134,2013-07-16,hires_j,1
219134,2013-08-08,hires_j,1
219134,2013-08-09,hires_j,1
219134,2013-08-14,hires_j,1
219134,2013-08-17,hires_j,1
219134,2013-08-25,hires_j,1
219134,2013-08-28,hires_j,1
219134,2013-09-12,hires_j,1
219134,2013-10-23,hires_j,1
219134,2013-10-24,apf,9
219134,2013-10-25,apf,9
219134,2013-10-26,apf,9
219134,2013-10-31,apf,3
219134,2013-11-01,apf,6
219134,2013-11-10,apf,6
219134,2013-11-11,apf,6
219134,2013-11-14,apf,5
219134,2013-11-15,apf,3
219134,2013-11-17,hires_j,1
219134,2013-11-18,apf,3
219134,2013-11-23,apf,4
219134,2013-11-26,apf,3
219134,2013-11-28,apf,3
219134,2013-11-30,apf,6
219134,2013-12-02,apf,6
219134,2013-12-03,apf,1
219134,2013-12-05,apf,1
219134,2013-12-06,apf,1
219134,2013-12-11,hires_j,1
219134,2013-12-18,apf,1
219134,2013-12-21,apf,2
219134,2013-12-22,apf,3
219134,2014-01-05,apf,2
219134,2014-01-06,apf,3
219134,2014-01-10,apf,3
219134,2014-01-17,apf,3
219134,2014-01-17,hires_j,1
219134,2014-01-18,apf,6
219134,2014-01-19,hires_j,5
219134,2014-01-21,apf,3
219134,2014-01-22,apf,3
219134,2014-01-25,apf,6
219134,2014-01-26,apf,6
219134,2014-02-01,apf,1
219134,2014-02-17,apf,3
219134,2014-05-11,apf,1
219134,2014-05-15,apf,6
219134,2014-05-16,apf,6
219134,2014-05-19,apf,1
219134,2014-05-23,apf,1
219134,2014-05-24,apf,1
219134,2014-05-27,apf,3
219134,2014-05-28,apf,1
219134,2014-05-31,apf,3
219134,2014-06-08,apf,1
219134,2014-06-09,apf,3
219134,2014-06-13,apf,1
219134,2014-06-14,apf,1
219134,2014-06-17,apf,3
219134,2014-06-18,apf,4
219134,2014-06-23,apf,3
219134,2014-06-27,apf,1
219134,2014-07-03,apf,3
219134,2014-07-03,hires_j,3
219134,2014-07-05,apf,3
219134,2014-07-15,hires_j,1
219134,2014-07-18,apf,3
219134,2014-07-22,hires_j,3
219134,2014-08-03,apf,3
219134,2014-08-09,apf,3
219134,2014-08-12,hires_j,1
219134,2014-08-25,apf,3
219134,2014-08-26,apf,3
219134,2014-08-29,apf,3
219134,2014-08-30,apf,3
219134,2014-09-06,hires_j,1
219134,2014-09-07,hires_j,1
219134,2014-09-08,hires_j,1
219134,2014-09-12,hires_j,1
219134,2014-09-13,hires_j,1
219134,2014-09-15,apf,3
219134,2014-09-17,apf,3
219134,2014-10-11,apf,3
219134,2014-12-09,hires_j,3
219134,2014-12-11,hires_j,3
219134,2015-01-04,apf,3
219134,2015-01-28,apf,1
219134,2015-01-30,apf,3
219134,2015-02-04,hires_j,3
219134,2015-02-05,apf,3
219134,2015-02-05,hires_j,3
219134,2015-02-08,hires_j,3
219134,2015-04-26,apf,1
219134,2015-04-28,apf,3
219134,2015-05-01,apf,3
219134,2015-05-09,apf,4
219134,2015-05-11,apf,3
219134,2015-05-16,apf,1
219134,2015-06-05,apf,3
219134,2015-06-06,apf,3
219134,2015-06-06,hires_j,3
219134,2015-06-15,apf,3
219134,2015-06-16,apf,3
219134,2015-06-18,apf,3
219134,2015-06-20,apf,3
219134,2015-06-22,apf,3
219134,2015-06-23,apf,3
219134,2015-06-27,hires_j,3
219134,2015-06-28,hires_j,3
219134,2015-06-29,apf,1
219134,2015-07-01,apf,3
219134,2015-07-04,apf,3
219134,2015-07-04,hires_j,3
219134,2015-07-05,apf,3
219134,2015-07-08,apf,4
219134,2015-07-14,apf,3
219134,2015-07-15,apf,3
219134,2015-07-17,apf,3
219134,2015-07-18,apf,3
219134,2015-07-19,apf,3
219134,2015-07-24,apf,3
219134,2015-07-26,apf,3
219134,2015-07-29,apf,3
219134,2015-07-30,apf,3
219134,2015-07-30,hires_j,3
219134,2015-08-02,hires_j,3
219134,2015-08-04,apf,3
219134,2015-08-05,hires_j,1
219134,2015-08-06,hires_j,3
219134,2015-08-08,hires_j,3
219134,2015-08-09,apf,3
219134,2015-08-11,apf,1
219134,2015-08-12,hires_j,3
219134,2015-08-13,apf,3
219134,2015-08-15,apf,3
219134,2015-08-18,apf,3
219134,2015-08-22,apf,3
219134,2015-08-24,apf,3
219134,2015-08-26,apf,3
219134,2015-08-28,apf,3
219134,2015-09-02,apf,3
219134,2015-09-06,apf,3
219134,2015-09-09,apf,3
219134,2015-09-20,hires_j,3
219134,2015-09-25,hires_j,3
219134,2015-09-27,apf,3
219134,2015-10-10,apf,2
219134,2015-10-13,apf,1
219134,2015-11-06,apf,3
219134,2015-11-11,apf,2
219134,2015-11-13,hires_j,3
219134,2015-11-14,apf,3
219134,2015-11-28,apf,1
219134,2015-12-05,apf,1
219134,2016-06-21,apf,1
219134,2016-06-28,apf,1
219134,2016-07-07,apf,1
219134,2016-07-12,apf,1
219134,2016-07-12,hires_j,3
219134,2016-07-13,apf,1
219134,2016-07-13,hires_j,3
219134,2016-07-14,hires_j,3
219134,2016-07-15,apf,1
219134,2016-07-17,apf,1
219134,2016-07-18,apf,1
219134,2016-07-19,apf,1
219134,2016-07-22,apf,1
219134,2016-07-24,apf,1
219134,2016-08-03,apf,1
219134,2016-08-05,apf,1
219134,2016-08-08,apf,1
219134,2016-08-10,apf,1
219134,2016-08-13,apf,1
219134,2016-08-16,apf,1
219134,2016-08-17,apf,1
219134,2016-08-18,apf,1
219134,2016-08-25,apf,1
219134,2016-08-27,apf,1
219134,2016-08-28,apf,1
219134,2016-08-29,apf,1
219134,2016-09-01,apf,1
219134,2016-09-02,apf,1
219134,2016-09-02,hires_j,3
219134,2016-09-04,apf,1
219134,2016-09-06,apf,1
219134,2016-09-10,apf,1
219134,2016-09-12,apf,1
219134,2016-09-16,apf,1
219134,2016-09-17,apf,1
219134,2016-09-18,apf,1
219134,2016-09-20,hires_j,3
219134,2016-10-07,apf,1
219134,2016-10-08,apf,1
219134,2016-10-09,apf,1
219134,2016-10-13,apf,1
219134,2016-10-23,apf,1
219134,2016-10-24,apf,1
219134,2016-10-26,apf,1
219134,2016-11-02,apf,1
219134,2016-11-04,apf,1
219134,2016-11-06,apf,1
219134,2016-11-10,apf,1
219134,2016-11-13,apf,1
219134,2016-11-15,apf,1
219134,2016-11-21,hires_j,2
219134,2016-11-25,apf,1
219134,2016-11-30,apf,1
219134,2016-12-05,apf,1
219134,2016-12-23,apf,1
219134,2016-12-27,apf,1
219134,2016-12-29,apf,1
219134,2016-12-31,apf,1
219134,2017-01-30,apf,1
219134,2017-02-12,apf,1
219134,2017-04-04,apf,1
219134,2017-04-05,apf,1
219134,2017-04-10,apf,1
219134,2017-04-15,apf,1
219134,2017-04-22,apf,1
219134,2017-04-29,apf,1
219134,2017-05-02,apf,1
219134,2017-05-04,apf,1
219134,2017-05-08,apf,1
219134,2017-05-20,apf,1
219134,2017-05-21,apf,1
219134,2017-05-24,apf,1
219134,2017-05-28,apf,1
219134,2017-06-05,apf,1
219134,2017-06-07,apf,1
219134,2017-06-08,hires_j,3
219134,2017-06-13,apf,2
219134,2017-06-14,apf,1
219134,2017-06-15,apf,1
219134,2017-06-23,apf,1
219134,2017-06-26,apf,2
219134,2017-06-27,apf,1
219134,2017-06-29,apf,1
219134,2017-06-29,hires_j,66
219134,2017-07-03,apf,1
219134,2017-07-07,apf,1
219134,2017-07-27,apf,1
219134,2017-07-28,apf,1
219134,2017-07-30,apf,1
219134,2017-08-01,apf,1
219134,2017-08-06,apf,1
219134,2017-08-07,apf,1
219134,2017-08-22,apf,1
219134,2017-08-25,apf,1
219134,2017-08-26,apf,1
219134,2017-08-27,apf,1
219134,2017-08-28,hires_j,3
219134,2017-08-30,apf,1
219134,2017-08-31,apf,1
219134,2017-09-01,apf,2
219134,2017-09-08,apf,1
219134,2017-09-11,apf,1
219134,2017-09-13,apf,1
219134,2017-09-14,apf,1
219134,2017-09-15,apf,1
219134,2017-09-16,apf,1
219134,2017-09-28,apf,1
219134,2017-09-29,apf,1
219134,2017-10-01,apf,1
219134,2017-10-15,apf,1
219134,2017-10-16,apf,1
219134,2017-11-21,apf,1
219134,2017-12-01,apf,1
219134,2017-12-07,apf,1
219134,2017-12-09,hires_j,3
219134,2017-12-28,apf,1
219134,2018-01-13,apf,1
219134,2018-02-06,apf,1
219134,2018-02-10,apf,1
219134,2018-03-28,apf,1
219134,2018-03-30,apf,1
219134,2018-04-22,apf,1
219134,2018-04-25,apf,1
219134,2018-05-02,apf,1
219134,2018-05-03,apf,1
219134,2018-05-06,apf,2
219134,2018-05-09,apf,1
219134,2018-05-10,apf,1
219134,2018-05-12,apf,1
219134,2018-05-15,apf,1
219134,2018-05-18,apf,1
219134,2018-05-22,apf,1
219134,2018-05-23,apf,1
219134,2018-05-29,apf,1
219134,2018-06-01,apf,1
219134,2018-06-14,apf,1
219134,2018-06-16,apf,1
219134,2018-06-19,apf,1
219134,2018-06-20,apf,1
219134,2018-06-22,apf,1
219134,2018-06-25,apf,1
219134,2018-06-30,apf,2
219134,2018-07-02,hires_j,1
219134,2018-07-05,apf,1
219134,2018-07-08,apf,1
219134,2018-07-24,apf,1
219134,2018-07-27,apf,1
219134,2018-07-30,apf,1
219134,2018-07-31,apf,1
219134,2018-08-01,hires_j,1
219134,2018-08-02,apf,1
219134,2018-08-12,apf,1
219134,2018-08-16,hires_j,1
219134,2018-08-26,apf,1
219134,2018-08-29,apf,2
219134,2018-09-07,apf,1
219134,2018-09-08,apf,1
219134,2018-09-11,apf,1
219134,2018-09-15,apf,1
219134,2018-09-17,apf,1
219134,2018-09-18,apf,1
219134,2018-09-26,apf,1
219134,2018-09-28,apf,1
219134,2018-10-04,hires_j,3
219134,2018-10-07,apf,1
219134,2018-10-08,apf,1
219134,2018-10-09,apf,1
219134,2018-10-14,apf,1
219134,2018-10-19,apf,1
219134,2018-10-27,apf,1
219134,2018-11-03,apf,1
219134,2018-11-26,apf,1
219134,2019-01-05,apf,1
219134,2019-01-08,hires_j,3
219134,2019-04-13,apf,3
219134,2019-05-02,apf,3
219134,2019-05-28,apf,3
219134,2019-05-31,apf,6
219134,2019-06-03,apf,3
219134,2019-06-07,apf,3
219134,2019-06-12,hires_j,3
219134,2019-06-14,hires_j,4
219134,2019-06-26,apf,6
219134,2019-07-01,apf,3
219134,2019-07-03,apf,3
219134,2019-07-05,apf,3
219134,2019-07-11,apf,3
219134,2019-07-12,apf,3
219134,2019-07-13,apf,3
219134,2019-07-17,apf,3
219134,2019-07-18,apf,3
219134,2019-07-22,apf,3
219134,2019-07-24,apf,3
219134,2019-07-26,apf,3
219134,2019-07-30,apf,3
219134,2019-07-31,apf,3
219134,2019-08-20,apf,3
219134,2019-08-24,apf,5
219134,2019-09-14,apf,3
219134,2019-11-09,hires_j,3
219134,2019-11-13,apf,3
219134,2019-11-19,apf,2
219134,2020-01-21,hires_j,3
219134,2020-01-30,hires_j,3
219134,2020-01-31,hires_j,3
219134,2020-05-30,hires_j,3
219134,2020-06-03,hires_j,6
219134,2020-06-06,hires_j,3
219134,2020-06-10,hires_j,3
219134,2020-06-12,hires_j,3
219134,2020-06-13,hires_j,3
219134,2020-06-18,hires_j,3
219134,2020-07-15,hires_j,1
219134,2020-10-20,hires_j,3
219134,2021-01-18,hires_j,3
219134,2021-06-13,hires_j,3
219134,2021-07-02,hires_j,3
219134,2021-07-11,hires_j,1
219134,2021-07-22,hires_j,3
237566,2020-05-30,hires_j,1
237566,2020-07-30,apf,1
237566,2020-08-30,hires_j,1
237566,2020-09-05,hires_j,1
237566,2020-09-22,hires_j,1
237566,2020-09-23,hires_j,1
237566,2020-09-24,hires_j,1
237566,2020-09-25,hires_j,1
237566,2020-09-26,hires_j,1
237566,2020-09-28,hires_j,1
237566,2020-09-29,hires_j,1
237566,2020-09-30,hires_j,1
237566,2020-10-01,hires_j,1
237566,2020-10-19,apf,1
237566,2020-10-31,hires_j,1
237566,2020-11-08,hires_j,1
237566,2020-11-13,apf,1
237566,2020-12-03,apf,2
237566,2020-12-04,hires_j,1
237566,2020-12-05,hires_j,1
237566,2020-12-06,hires_j,1
237566,2020-12-24,hires_j,1
237566,2020-12-25,hires_j,1
237566,2020-12-26,hires_j,1
237566,2020-12-31,hires_j,1
237566,2021-01-06,apf,2
237566,2021-01-18,hires_j,1
237566,2021-01-22,hires_j,1
237566,2021-01-23,hires_j,1
237566,2021-01-24,hires_j,1
237566,2021-02-07,apf,2
237566,2021-02-22,hires_j,1
237566,2021-02-24,hires_j,1
237566,2021-02-26,hires_j,1
237566,2021-02-28,apf,2
237566,2021-03-25,apf,2
237566,2021-04-15,apf,2
237566,2021-05-05,apf,2
237566,2021-05-19,hires_j,1
237566,2021-05-21,hires_j,1
237566,2021-05-22,apf,2
237566,2021-05-27,apf,2
237566,2021-06-11,hires_j,1
63935,2019-08-31,apf,1
63935,2019-09-06,hires_j,1
63935,2019-09-07,apf,1
63935,2019-09-09,apf,2
63935,2019-09-11,apf,2
63935,2019-09-13,apf,2
63935,2019-09-14,apf,2
63935,2019-09-15,apf,1
63935,2019-09-17,apf,2
63935,2019-09-17,hires_j,1
63935,2019-09-18,apf,2
63935,2019-09-20,apf,1
63935,2019-09-21,apf,2
63935,2019-09-22,apf,1
63935,2019-09-25,apf,2
63935,2019-09-26,apf,1
63935,2019-10-01,apf,2
63935,2019-10-02,apf,2
63935,2019-10-03,apf,2
63935,2019-10-04,apf,2
63935,2019-10-05,apf,2
63935,2019-10-06,apf,2
63935,2019-10-07,apf,1
63935,2019-10-08,apf,1
63935,2019-10-09,apf,2
63935,2019-10-12,apf,1
63935,2019-10-16,apf,1
63935,2019-10-19,apf,2
63935,2019-10-20,hires_j,1
63935,2019-10-25,apf,2
63935,2019-10-30,apf,2
63935,2019-10-31,apf,1
63935,2019-10-31,hires_j,1
63935,2019-11-01,apf,1
63935,2019-11-03,apf,1
63935,2019-11-06,apf,1
63935,2019-11-07,apf,1
63935,2019-11-07,hires_j,1
63935,2019-11-08,apf,1
63935,2019-11-08,hires_j,1
63935,2019-11-09,apf,1
63935,2019-11-09,hires_j,1
63935,2019-11-10,apf,1
63935,2019-11-10,hires_j,1
63935,2019-11-11,apf,1
63935,2019-11-12,apf,2
63935,2019-11-13,apf,2
63935,2019-11-19,apf,1
63935,2019-11-21,apf,2
63935,2019-11-21,hires_j,1
63935,2019-11-22,apf,2
63935,2019-11-23,apf,1
63935,2019-11-24,apf,1
63935,2019-11-25,apf,2
63935,2019-12-02,hires_j,1
63935,2019-12-10,hires_j,1
63935,2019-12-13,apf,2
63935,2019-12-16,apf,2
63935,2019-12-17,apf,2
63935,2019-12-20,apf,2
63935,2019-12-23,apf,2
63935,2019-12-27,hires_j,1
63935,2019-12-29,apf,2
63935,2020-01-03,apf,2
63935,2020-01-04,apf,2
63935,2020-01-04,hires_j,1
63935,2020-01-05,apf,2
63935,2020-01-06,apf,2
63935,2020-01-07,hires_j,1
63935,2020-01-08,hires_j,1
63935,2020-01-09,hires_j,1
63935,2020-01-17,hires_j,1
63935,2020-01-21,hires_j,1
63935,2020-01-22,hires_j,1
63935,2020-01-23,apf,2
63935,2020-01-28,apf,2
63935,2020-01-30,hires_j,3
63935,2020-01-31,hires_j,1
63935,2020-02-01,apf,2
63935,2020-02-01,hires_j,1
63935,2020-02-02,apf,1
63935,2020-02-04,apf,1
63935,2020-02-05,apf,1
63935,2020-02-05,hires_j,3
63935,2020-02-06,apf,1
63935,2020-02-09,apf,1
63935,2020-02-11,apf,1
63935,2020-02-13,apf,1
63935,2020-02-15,apf,1
63935,2020-02-16,apf,1
63935,2020-02-17,apf,1
63935,2020-02-18,apf,1
63935,2020-02-19,apf,1
63935,2020-02-20,apf,1
63935,2020-02-21,apf,1
63935,2020-02-22,apf,1
63935,2020-02-23,apf,1
63935,2020-02-24,apf,1
63935,2020-02-24,hires_j,3
63935,2020-02-25,apf,1
63935,2020-02-25,hires_j,3
63935,2020-02-26,hires_j,3
63935,2020-02-27,apf,1
63935,2020-02-27,hires_j,3
63935,2020-02-28,apf,1
63935,2020-02-28,hires_j,3
63935,2020-03-03,hires_j,3
63935,2020-03-04,apf,1
63935,2020-03-10,apf,1
63935,2020-03-10,hires_j,3
63935,2020-03-12,apf,1
63935,2020-03-13,apf,1
63935,2020-04-15,apf,1
63935,2020-04-22,apf,1
63935,2020-04-24,apf,1
63935,2020-04-26,apf,1
63935,2020-05-30,hires_j,3
63935,2020-06-02,hires_j,3
63935,2020-06-03,hires_j,3
63935,2020-09-07,hires_j,1
63935,2020-09-08,hires_j,3
63935,2020-09-22,hires_j,2
63935,2020-09-24,hires_j,3
63935,2020-09-27,hires_j,3
63935,2020-09-28,hires_j,3
63935,2020-09-29,hires_j,3
63935,2020-09-30,hires_j,3
63935,2020-10-19,apf,1
63935,2020-10-20,apf,1
63935,2020-10-24,apf,1
63935,2020-11-02,apf,1
63935,2020-11-03,apf,1
63935,2020-11-04,apf,1
63935,2020-11-05,apf,1
63935,2020-11-13,apf,3
63935,2020-11-15,apf,2
63935,2020-11-16,apf,1
63935,2020-11-28,hires_j,1
63935,2020-12-06,apf,1
63935,2020-12-06,hires_j,1
63935,2020-12-24,hires_j,1
63935,2020-12-25,hires_j,1
63935,2020-12-26,hires_j,1
63935,2021-01-06,apf,1
63935,2021-01-18,hires_j,1
63935,2021-01-22,hires_j,1
63935,2021-01-24,hires_j,1
63935,2021-02-06,apf,1
63935,2021-02-26,apf,1
63935,2021-02-26,hires_j,1
63935,2021-03-07,hires_j,1
63935,2021-05-20,hires_j,1
63935,2021-06-02,hires_j,1
75732,2004-11-29,hires_j,3
75732,2004-12-30,hires_j,3
75732,2005-02-24,hires_j,3
75732,2005-04-20,hires_j,3
75732,2005-06-25,hires_j,3
75732,2005-06-26,hires_j,4
75732,2005-11-18,hires_j,6
75732,2005-11-19,hires_j,3
75732,2005-11-20,hires_j,4
75732,2005-11-21,hires_j,3
75732,2005-11-22,hires_j,3
75732,2005-12-19,hires_j,5
75732,2005-12-20,hires_j,3
75732,2006-01-11,hires_j,3
75732,2006-01-12,hires_j,3
75732,2006-01-13,hires_j,3
75732,2006-01-14,hires_j,3
75732,2006-01-15,hires_j,3
75732,2006-01-16,hires_j,1
75732,2006-01-17,hires_j,3
75732,2006-01-18,hires_j,3
75732,2006-02-09,hires_j,3
75732,2006-02-10,hires_j,3
75732,2006-02-11,hires_j,3
75732,2006-03-12,hires_j,3
75732,2006-04-12,hires_j,4
75732,2006-04-16,hires_j,3
75732,2006-12-14,hires_j,5
75732,2006-12-15,hires_j,10
75732,2006-12-16,hires_j,5
75732,2007-01-08,hires_j,5
75732,2007-01-29,hires_j,5
75732,2007-01-30,hires_j,7
75732,2007-01-31,hires_j,5
75732,2007-02-07,hires_j,10
75732,2007-04-26,hires_j,2
75732,2007-05-26,hires_j,3
75732,2007-05-27,hires_j,3
75732,2007-05-28,hires_j,3
75732,2007-05-29,hires_j,2
75732,2007-05-30,hires_j,3
75732,2007-05-31,hires_j,3
75732,2007-06-04,hires_j,3
75732,2007-10-24,hires_j,1
75732,2007-11-23,hires_j,3
75732,2007-11-24,hires_j,3
75732,2007-11-25,hires_j,1
75732,2007-12-19,hires_j,2
75732,2007-12-20,hires_j,1
75732,2007-12-21,hires_j,1
75732,2007-12-24,hires_j,1
75732,2007-12-26,hires_j,1
75732,2007-12-27,hires_j,1
75732,2008-01-27,hires_j,1
75732,2008-03-19,hires_j,1
75732,2008-03-20,hires_j,1
75732,2008-11-08,hires_j,3
75732,2008-12-05,hires_j,3
75732,2008-12-06,hires_j,3
75732,2008-12-07,hires_j,3
75732,2008-12-08,hires_j,3
75732,2008-12-09,hires_j,3
75732,2008-12-10,hires_j,3
75732,2008-12-18,hires_j,1
75732,2008-12-19,hires_j,1
75732,2008-12-21,hires_j,1
75732,2009-01-07,hires_j,3
75732,2009-01-15,hires_j,3
75732,2009-02-02,hires_j,3
75732,2009-04-06,hires_j,1
75732,2009-04-08,hires_j,3
75732,2009-04-13,hires_j,3
75732,2009-05-03,hires_j,3
75732,2009-05-04,hires_j,1
75732,2009-06-01,hires_j,3
75732,2009-06-02,hires_j,3
75732,2009-06-03,hires_j,3
75732,2009-06-04,hires_j,3
75732,2009-06-05,hires_j,3
75732,2009-06-06,hires_j,3
75732,2009-10-04,hires_j,3
75732,2009-10-29,hires_j,3
75732,2009-11-28,hires_j,3
75732,2009-12-01,hires_j,4
75732,2009-12-06,hires_j,3
75732,2009-12-07,hires_j,3
75732,2009-12-22,hires_j,3
75732,2009-12-23,hires_j,3
75732,2009-12-24,hires_j,3
75732,2009-12-26,hires_j,3
75732,2009-12-27,hires_j,2
75732,2009-12-31,hires_j,3
75732,2010-01-02,hires_j,3
75732,2010-01-04,hires_j,5
75732,2010-02-01,hires_j,3
75732,2010-02-02,hires_j,3
75732,2010-02-04,hires_j,3
75732,2010-02-28,hires_j,3
75732,2010-03-01,hires_j,3
75732,2010-03-05,hires_j,5
75732,2010-03-06,hires_j,5
75732,2010-03-29,hires_j,3
75732,2010-03-30,hires_j,3
75732,2010-04-03,hires_j,33
75732,2010-04-25,hires_j,3
75732,2010-04-26,hires_j,3
75732,2010-04-27,hires_j,3
75732,2010-04-28,hires_j,3
75732,2010-05-04,hires_j,3
75732,2010-05-05,hires_j,3
75732,2010-05-23,hires_j,3
75732,2010-05-26,hires_j,6
75732,2010-05-27,hires_j,3
75732,2010-05-28,hires_j,3
75732,2010-06-03,hires_j,5
75732,2010-06-04,hires_j,3
75732,2010-09-25,hires_j,3
75732,2010-09-26,hires_j,3
75732,2010-09-27,hires_j,3
75732,2010-09-28,hires_j,3
75732,2010-09-29,hires_j,3
75732,2010-10-20,hires_j,3
75732,2010-10-21,hires_j,3
75732,2010-11-21,hires_j,3
75732,2010-12-12,hires_j,3
75732,2010-12-14,hires_j,3
75732,2010-12-15,hires_j,3
75732,2010-12-26,hires_j,3
75732,2010-12-27,hires_j,3
75732,2010-12-29,hires_j,3
75732,2011-01-23,hires_j,3
75732,2011-02-13,hires_j,3
75732,2011-02-14,hires_j,3
75732,2011-02-15,hires_j,3
75732,2011-02-19,hires_j,3
75732,2011-03-13,hires_j,3
75732,2011-03-14,hires_j,3
75732,2011-03-16,hires_j,3
75732,2011-04-20,hires_j,3
75732,2011-04-21,hires_j,3
75732,2011-04-22,hires_j,3
75732,2011-05-16,hires_j,3
75732,2011-05-17,hires_j,3
75732,2011-05-18,hires_j,3
75732,2011-05-19,hires_j,3
75732,2011-05-22,hires_j,3
75732,2011-06-10,hires_j,3
75732,2011-06-11,hires_j,3
75732,2011-06-16,hires_j,3
75732,2011-10-07,hires_j,3
75732,2011-10-08,hires_j,3
75732,2011-10-09,hires_j,3
75732,2011-10-17,hires_j,3
75732,2011-11-05,hires_j,3
75732,2011-11-12,hires_j,3
75732,2011-11-13,hires_j,3
75732,2011-11-14,hires_j,3
75732,2011-12-06,hires_j,3
75732,2011-12-07,hires_j,3
75732,2011-12-08,hires_j,3
75732,2011-12-09,hires_j,3
75732,2012-01-05,hires_j,3
75732,2012-01-18,hires_j,3
75732,2012-02-03,hires_j,3
75732,2012-02-10,hires_j,3
75732,2012-02-15,hires_j,3
75732,2012-03-10,hires_j,3
75732,2012-04-02,hires_j,3
75732,2012-04-10,hires_j,3
75732,2012-05-26,hires_j,3
75732,2012-05-29,hires_j,3
75732,2012-06-01,hires_j,3
75732,2012-09-22,hires_j,3
75732,2012-09-24,hires_j,3
75732,2012-10-02,hires_j,3
75732,2012-10-07,hires_j,3
75732,2012-10-08,hires_j,3
75732,2013-01-26,hires_j,3
75732,2013-02-04,hires_j,3
75732,2013-02-20,hires_j,3
75732,2013-06-03,hires_j,3
75732,2013-10-08,apf,1
75732,2013-10-12,apf,6
75732,2013-10-16,apf,3
75732,2013-10-17,apf,3
75732,2013-10-18,apf,3
75732,2013-10-20,hires_j,3
75732,2013-10-22,hires_j,3
75732,2013-10-23,apf,3
75732,2013-10-23,hires_j,3
75732,2013-10-24,apf,6
75732,2013-10-25,apf,3
75732,2013-10-26,apf,3
75732,2013-11-01,apf,3
75732,2013-11-10,apf,6
75732,2013-11-11,apf,6
75732,2013-11-14,apf,3
75732,2013-11-18,hires_j,3
75732,2013-11-22,apf,1
75732,2013-11-23,apf,2
75732,2013-11-26,apf,3
75732,2013-11-28,apf,3
75732,2013-11-30,apf,6
75732,2013-12-02,apf,6
75732,2013-12-05,apf,2
75732,2013-12-06,apf,2
75732,2013-12-11,hires_j,3
75732,2013-12-18,apf,1
75732,2013-12-21,apf,2
75732,2013-12-22,apf,6
75732,2014-01-05,apf,6
75732,2014-01-06,apf,3
75732,2014-01-10,apf,6
75732,2014-01-17,apf,6
75732,2014-01-17,hires_j,3
75732,2014-01-18,apf,6
75732,2014-01-21,apf,3
75732,2014-01-22,apf,4
75732,2014-01-25,apf,3
75732,2014-01-26,apf,6
75732,2014-02-01,apf,2
75732,2014-02-05,apf,2
75732,2014-02-14,apf,1
75732,2014-02-17,apf,3
75732,2014-02-20,apf,1
75732,2014-02-20,hires_j,3
75732,2014-02-21,apf,1
75732,2014-02-21,hires_j,3
75732,2014-02-24,apf,6
75732,2014-03-08,apf,4
75732,2014-03-09,apf,3
75732,2014-03-12,apf,2
75732,2014-03-15,apf,3
75732,2014-03-16,apf,1
75732,2014-03-24,apf,1
75732,2014-03-25,apf,1
75732,2014-03-29,apf,2
75732,2014-04-06,apf,2
75732,2014-04-07,apf,3
75732,2014-04-10,apf,3
75732,2014-04-11,apf,2
75732,2014-04-14,apf,2
75732,2014-04-18,apf,1
75732,2014-04-19,apf,1
75732,2014-04-30,apf,1
75732,2014-05-03,apf,1
75732,2014-05-07,apf,2
75732,2014-05-12,apf,2
75732,2014-05-15,apf,1
75732,2014-05-16,apf,1
75732,2014-05-19,apf,2
75732,2014-06-18,hires_j,3
75732,2014-06-19,hires_j,3
75732,2014-06-20,hires_j,3
75732,2014-06-21,hires_j,3
75732,2014-09-24,apf,1
75732,2014-10-05,apf,1
75732,2014-10-09,apf,1
75732,2014-10-11,apf,1
75732,2014-10-19,apf,1
75732,2014-11-11,apf,1
75732,2014-11-24,apf,4
75732,2015-01-04,apf,1
75732,2015-01-30,apf,1
75732,2015-04-15,apf,1
75732,2015-04-20,apf,1
75732,2015-04-26,apf,1
75732,2015-04-30,apf,3
75732,2015-05-28,apf,3
75732,2015-06-06,hires_j,3
75732,2015-06-26,hires_j,3
75732,2015-09-09,apf,3
75732,2015-09-18,apf,3
75732,2015-09-21,apf,3
75732,2015-09-25,apf,3
75732,2015-10-10,apf,3
75732,2015-10-13,apf,3
75732,2015-10-16,apf,2
75732,2015-10-23,apf,3
75732,2015-10-26,apf,4
75732,2015-10-31,hires_j,3
75732,2015-11-06,apf,1
75732,2015-11-08,apf,3
75732,2015-11-11,apf,1
75732,2015-11-14,apf,3
75732,2015-11-18,apf,1
75732,2015-11-22,apf,3
75732,2015-11-28,apf,5
75732,2015-11-29,hires_j,1
75732,2015-11-30,apf,3
75732,2015-12-05,apf,3
75732,2015-12-06,apf,1
75732,2015-12-08,apf,3
75732,2015-12-23,hires_j,3
75732,2015-12-28,hires_j,3
75732,2016-01-28,apf,1
75732,2016-02-06,apf,3
75732,2016-02-08,apf,3
75732,2016-02-09,apf,3
75732,2016-02-11,apf,3
75732,2016-02-14,apf,4
75732,2016-02-17,apf,3
75732,2016-06-16,hires_j,3
75732,2016-10-08,apf,1
75732,2016-10-18,apf,1
75732,2016-10-21,apf,1
75732,2016-11-04,apf,1
75732,2016-11-08,apf,1
75732,2016-11-09,apf,1
75732,2016-11-11,apf,1
75732,2016-11-13,apf,1
75732,2016-11-15,apf,1
75732,2016-11-21,hires_j,1
75732,2016-11-24,hires_j,1
75732,2016-11-25,apf,1
75732,2016-11-30,apf,1
75732,2016-12-05,apf,1
75732,2016-12-06,apf,1
75732,2016-12-21,apf,1
75732,2016-12-27,apf,1
75732,2016-12-29,apf,1
75732,2017-01-11,hires_j,3
75732,2017-01-27,apf,1
75732,2017-02-12,apf,1
75732,2017-03-02,apf,1
75732,2017-03-03,apf,1
75732,2017-03-11,apf,1
75732,2017-03-17,apf,2
75732,2017-04-04,apf,1
75732,2017-04-10,apf,1
75732,2017-04-15,apf,1
75732,2017-04-23,apf,1
75732,2017-04-30,apf,1
75732,2017-05-09,apf,1
75732,2017-06-22,hires_j,3
75732,2017-09-26,apf,1
75732,2017-10-01,apf,1
75732,2017-10-02,hires_j,3
75732,2017-10-06,apf,1
75732,2017-10-15,apf,1
75732,2017-10-19,apf,1
75732,2017-12-22,apf,1
75732,2017-12-24,apf,2
75732,2017-12-28,apf,1
75732,2018-01-01,apf,1
75732,2018-01-11,apf,1
75732,2018-01-13,apf,3
75732,2018-02-03,apf,2
75732,2018-02-11,hires_j,3
75732,2018-02-16,apf,1
75732,2018-03-04,hires_j,3
75732,2018-09-24,apf,1
75732,2018-09-26,apf,1
75732,2018-09-30,hires_j,3
75732,2018-10-09,apf,1
75732,2018-10-23,apf,1
75732,2018-10-27,apf,1
75732,2019-01-25,apf,1
75732,2019-02-14,hires_j,3
75732,2019-06-11,hires_j,3
75732,2019-10-05,apf,3
75732,2019-11-07,hires_j,4
75732,2019-12-10,hires_j,3
75732,2020-02-05,hires_j,3
75732,2020-03-08,hires_j,3
75732,2020-06-02,hires_j,3
75732,2020-06-27,hires_j,3
75732,2020-09-27,hires_j,3
75732,2020-09-30,hires_j,3
75732,2020-10-20,hires_j,1
75732,2020-12-25,hires_j,3
75732,2021-05-21,hires_j,3
75732,2021-05-29,hires_j,3
75732,2021-06-02,hires_j,3
93963,2020-04-28,apf,3
93963,2020-06-24,hires_j,1
93963,2020-07-04,hires_j,1
93963,2020-10-20,hires_j,1
93963,2020-10-31,hires_j,1
93963,2020-11-28,hires_j,1
93963,2020-12-04,hires_j,1
93963,2020-12-21,apf,1
93963,2020-12-24,hires_j,1
93963,2020-12-25,hires_j,1
93963,2020-12-26,hires_j,1
93963,2020-12-28,hires_j,1
93963,2020-12-31,hires_j,1
93963,2021-01-22,hires_j,1
93963,2021-01-23,hires_j,1
93963,2021-01-24,hires_j,1
93963,2021-02-23,hires_j,1
93963,2021-04-11,apf,1
93963,2021-04-30,apf,1
93963,2021-05-05,apf,1
93963,2021-05-09,apf,1
93963,2021-05-14,apf,1
93963,2021-05-27,hires_j,1
93963,2021-06-08,hires_j,1
93963,2021-06-12,hires_j,1
93963,2021-06-13,hires_j,1
93963,2021-06-19,hires_j,1
93963,2021-06-20,hires_j,1
93963,2021-06-21,hires_j,1
93963,2021-06-22,hires_j,1
93963,2021-06-23,hires_j,1
93963,2021-06-24,hires_j,1
93963,2021-06-30,hires_j,1
93963,2021-07-04,hires_j,1
93963,2021-07-11,hires_j,1
GJ9522A,2020-01-04,hires_j,1
GJ9522A,2020-02-05,hires_j,1
GJ9522A,2020-06-06,hires_j,1
GJ9522A,2020-06-07,hires_j,1
GJ9522A,2020-06-10,hires_j,1
GJ9522A,2020-06-11,hires_j,1
GJ9522A,2020-06-12,hires_j,1
GJ9522A,2020-06-13,hires_j,1
GJ9522A,2020-06-16,hires_j,1
GJ9522A,2020-06-27,hires_j,1
GJ9522A,2020-06-28,hires_j,1
GJ9522A,2020-06-29,hires_j,1
GJ9522A,2020-06-30,hires_j,1
GJ9522A,2020-07-01,hires_j,1
GJ9522A,2020-07-04,hires_j,1
GJ9522A,2020-07-05,hires_j,3
GJ9522A,2020-07-06,hires_j,1
GJ9522A,2020-07-08,hires_j,1
GJ9522A,2020-07-09,hires_j,1
GJ9522A,2020-07-11,hires_j,1
GJ9522A,2020-07-12,hires_j,1
GJ9522A,2020-07-14,hires_j,1
GJ9522A,2020-08-07,hires_j,1
GJ9522A,2020-08-30,hires_j,1
GJ9522A,2020-09-26,hires_j,1
GJ9522A,2020-12-24,hires_j,1
GJ9522A,2020-12-25,hires_j,1
GJ9522A,2021-02-26,hires_j,1
GJ9522A,2021-03-26,hires_j,1
GJ9522A,2021-06-08,hires_j,1
GJ9522A,2021-07-10,hires_j,1
HIP97166,2020-05-09,apf,1
HIP97166,2020-05-10,apf,1
HIP97166,2020-05-11,apf,2
HIP97166,2020-05-27,apf,2
HIP97166,2020-05-30,hires_j,1
HIP97166,2020-06-03,hires_j,1
HIP97166,2020-06-07,hires_j,3
HIP97166,2020-06-11,apf,1
HIP97166,2020-06-11,hires_j,1
HIP97166,2020-06-18,hires_j,1
HIP97166,2020-06-20,apf,2
HIP97166,2020-06-21,apf,2
HIP97166,2020-06-22,apf,2
HIP97166,2020-06-23,apf,2
HIP97166,2020-06-24,apf,2
HIP97166,2020-06-24,hires_j,1
HIP97166,2020-06-26,apf,2
HIP97166,2020-06-27,apf,3
HIP97166,2020-06-27,hires_j,1
HIP97166,2020-06-28,apf,2
HIP97166,2020-06-28,hires_j,1
HIP97166,2020-06-29,apf,2
HIP97166,2020-06-29,hires_j,1
HIP97166,2020-06-30,apf,2
HIP97166,2020-06-30,hires_j,1
HIP97166,2020-07-01,apf,2
HIP97166,2020-07-01,hires_j,1
HIP97166,2020-07-02,apf,2
HIP97166,2020-07-03,apf,2
HIP97166,2020-07-04,apf,2
HIP97166,2020-07-04,hires_j,1
HIP97166,2020-07-05,apf,2
HIP97166,2020-07-05,hires_j,1
HIP97166,2020-07-06,apf,2
HIP97166,2020-07-06,hires_j,1
HIP97166,2020-07-08,apf,2
HIP97166,2020-07-08,hires_j,1
HIP97166,2020-07-09,hires_j,1
HIP97166,2020-07-10,hires_j,1
HIP97166,2020-07-11,apf,2
HIP97166,2020-07-11,hires_j,1
HIP97166,2020-07-12,apf,2
HIP97166,2020-07-12,hires_j,1
HIP97166,2020-07-13,apf,2
HIP97166,2020-07-14,apf,2
HIP97166,2020-07-14,hires_j,1
HIP97166,2020-07-15,apf,2
HIP97166,2020-07-18,apf,2
HIP97166,2020-07-19,apf,2
HIP97166,2020-07-20,apf,2
HIP97166,2020-07-21,apf,2
HIP97166,2020-07-22,apf,2
HIP97166,2020-07-23,apf,2
HIP97166,2020-07-24,apf,2
HIP97166,2020-07-25,apf,2
HIP97166,2020-07-26,apf,2
HIP97166,2020-07-27,apf,2
HIP97166,2020-07-28,apf,2
HIP97166,2020-07-29,apf,2
HIP97166,2020-07-30,apf,2
HIP97166,2020-07-31,apf,2
HIP97166,2020-08-01,apf,2
HIP97166,2020-08-02,apf,2
HIP97166,2020-08-02,hires_j,1
HIP97166,2020-08-03,apf,2
HIP97166,2020-08-05,apf,2
HIP97166,2020-08-07,apf,2
HIP97166,2020-08-07,hires_j,1
HIP97166,2020-08-08,apf,2
HIP97166,2020-08-09,apf,2
HIP97166,2020-08-10,apf,2
HIP97166,2020-08-10,hires_j,1
HIP97166,2020-08-11,apf,2
HIP97166,2020-08-11,hires_j,1
HIP97166,2020-08-12,apf,2
HIP97166,2020-08-13,apf,2
HIP97166,2020-08-14,apf,2
HIP97166,2020-08-15,apf,2
HIP97166,2020-08-17,hires_j,1
HIP97166,2020-08-28,hires_j,1
HIP97166,2020-08-31,hires_j,1
HIP97166,2020-09-05,hires_j,1
HIP97166,2020-09-07,hires_j,1
HIP97166,2020-09-09,hires_j,1
HIP97166,2020-09-22,hires_j,1
HIP97166,2020-09-25,hires_j,1
HIP97166,2020-09-26,hires_j,1
HIP97166,2020-09-28,hires_j,1
HIP97166,2020-09-29,hires_j,1
HIP97166,2020-09-30,hires_j,1
HIP97166,2020-10-01,hires_j,1
HIP97166,2020-10-13,apf,1
HIP97166,2020-10-22,apf,2
HIP97166,2020-10-29,hires_j,1
HIP97166,2020-11-02,apf,2
HIP97166,2020-11-04,apf,2
HIP97166,2020-11-15,apf,2
HIP97166,2020-11-16,apf,2
HIP97166,2020-12-04,hires_j,1
HIP97166,2020-12-05,hires_j,1
HIP97166,2020-12-21,apf,1
HIP97166,2020-12-25,hires_j,1
HIP97166,2021-01-09,apf,1
HIP97166,2021-01-15,apf,1
HIP97166,2021-01-21,apf,1
HIP97166,2021-02-17,apf,1
HIP97166,2021-02-24,apf,1
HIP97166,2021-02-26,apf,1
HIP97166,2021-04-09,hires_j,1
HIP97166,2021-04-11,apf,1
HIP97166,2021-04-28,apf,1
HIP97166,2021-05-07,apf,1
HIP97166,2021-05-21,hires_j,1
HIP97166,2021-06-11,hires_j,1
HIP97166,2021-06-23,hires_j,1
HIP97166,2021-07-03,apf,1
HIP97166,2021-07-16,apf,1
HIP97166,2021-07-17,apf,1
HIP97166,2021-07-20,apf,1
HIP97166,2021-07-23,apf,1
HIP97166,2021-07-24,apf,1
T001173,2020-02-05,hires_j,1
T001173,2020-08-16,hires_j,1
T001173,2020-09-09,hires_j,1
T001173,2020-12-06,hires_j,1
T001173,2020-12-31,hires_j,1
T001173,2021-02-26,hires_j,1
T001173,2021-05-19,hires_j,1
T001173,2021-06-13,hires_j,1
T001174,2020-02-05,hires_j,1
T001174,2020-03-09,hires_j,1
T001174,2020-06-11,hires_j,1
T001174,2020-08-09,hires_j,1
T001174,2020-08-31,hires_j,1
T001174,2020-09-22,hires_j,1
T001174,2020-12-24,hires_j,1
T001174,2020-12-25,hires_j,1
T001174,2021-02-26,hires_j,1
T001174,2021-05-19,hires_j,1
T001174,2021-06-13,hires_j,1
T001174,2021-07-25,hires_j,1
T001180,2020-08-09,hires_j,1
T001180,2020-09-02,hires_j,1
T001180,2020-09-28,hires_j,1
T001180,2020-12-26,hires_j,1
T001180,2021-02-26,hires_j,1
T001180,2021-05-27,hires_j,1
T001180,2021-06-23,hires_j,1
T001180,2021-07-26,hires_j,1
T001194,2019-12-15,hires_j,1
T001194,2020-01-30,hires_j,1
T001194,2020-02-01,hires_j,1
T001194,2020-02-05,hires_j,1
T001194,2020-02-25,hires_j,1
T001194,2020-02-27,hires_j,1
T001194,2020-02-28,hires_j,1
T001194,2020-03-03,hires_j,1
T001194,2020-06-06,hires_j,1
T001194,2020-06-10,hires_j,1
T001194,2020-07-01,hires_j,1
T001194,2020-07-09,hires_j,1
T001194,2020-08-16,hires_j,1
T001194,2020-11-28,hires_j,1
T001194,2020-12-25,hires_j,1
T001194,2020-12-26,hires_j,1
T001194,2021-02-23,hires_j,1
T001194,2021-03-26,hires_j,1
T001194,2021-06-08,hires_j,1
T001194,2021-07-04,hires_j,1
T001244,2020-08-25,hires_j,1
T001244,2020-09-22,hires_j,1
T001244,2021-03-26,hires_j,1
T001244,2021-06-08,hires_j,1
T001244,2021-07-09,hires_j,1
T001246,2020-03-08,hires_j,1
T001246,2020-03-09,hires_j,1
T001246,2020-03-10,hires_j,1
T001246,2020-05-26,hires_j,1
T001246,2020-05-30,hires_j,1
T001246,2020-06-02,hires_j,1
T001246,2020-06-03,hires_j,1
T001246,2020-06-06,hires_j,1
T001246,2020-06-13,hires_j,1
T001246,2020-06-16,hires_j,1
T001246,2020-06-24,hires_j,1
T001246,2020-06-27,hires_j,1
T001246,2020-06-30,hires_j,1
T001246,2020-07-04,hires_j,1
T001246,2020-07-06,hires_j,1
T001246,2020-07-08,hires_j,1
T001246,2020-08-07,hires_j,1
T001246,2020-08-10,hires_j,1
T001246,2020-08-11,hires_j,1
T001246,2020-08-16,hires_j,1
T001246,2020-08-25,hires_j,1
T001246,2020-08-28,hires_j,1
T001246,2020-08-29,hires_j,1
T001246,2020-08-30,hires_j,1
T001246,2020-08-31,hires_j,1
T001246,2020-09-02,hires_j,1
T001246,2020-09-05,hires_j,1
T001246,2020-09-09,hires_j,1
T001246,2020-09-22,hires_j,1
T001246,2020-09-23,hires_j,1
T001246,2020-09-25,hires_j,1
T001246,2020-09-26,hires_j,1
T001246,2020-09-27,hires_j,1
T001246,2020-09-28,hires_j,1
T001246,2020-09-29,hires_j,1
T001246,2020-09-30,hires_j,1
T001246,2020-10-01,hires_j,1
T001246,2020-10-31,hires_j,1
T001246,2021-02-23,hires_j,1
T001246,2021-03-22,hires_j,1
T001246,2021-03-23,hires_j,1
T001246,2021-03-26,hires_j,1
T001246,2021-04-09,hires_j,1
T001246,2021-05-19,hires_j,1
T001246,2021-05-20,hires_j,1
T001246,2021-05-24,hires_j,1
T001246,2021-05-27,hires_j,1
T001246,2021-06-08,hires_j,1
T001246,2021-06-11,hires_j,1
T001246,2021-06-12,hires_j,1
T001246,2021-06-13,hires_j,1
T001246,2021-06-14,hires_j,1
T001246,2021-06-17,hires_j,1
T001246,2021-06-18,hires_j,1
T001246,2021-06-20,hires_j,1
T001246,2021-06-22,hires_j,1
T001246,2021-06-23,hires_j,1
T001246,2021-06-24,hires_j,1
T001246,2021-06-30,hires_j,1
T001246,2021-07-04,hires_j,1
T001246,2021-07-09,hires_j,1
T001246,2021-07-11,hires_j,1
T001246,2021-07-12,hires_j,1
T001246,2021-07-13,hires_j,1
T001246,2021-07-14,hires_j,1
T001246,2021-07-17,hires_j,1
T001246,2021-07-18,hires_j,1
T001246,2021-07-19,hires_j,1
T001248,2020-08-25,hires_j,1
T001248,2020-09-25,hires_j,1
T001248,2021-03-23,hires_j,1
T001248,2021-05-27,hires_j,1
T001248,2021-06-23,hires_j,1
T001248,2021-07-26,hires_j,1
T001249,2020-02-05,hires_j,1
T001249,2020-02-25,hires_j,1
T001249,2020-02-27,hires_j,1
T001249,2020-08-17,hires_j,1
T001249,2020-09-09,hires_j,1
T001249,2020-09-22,hires_j,1
T001249,2020-12-04,hires_j,1
T001249,2020-12-31,hires_j,1
T001249,2021-02-26,hires_j,1
T001249,2021-05-20,hires_j,1
T001249,2021-06-13,hires_j,1
T001269,2020-03-08,hires_j,1
T001269,2020-08-09,hires_j,1
T001269,2020-09-02,hires_j,1
T001269,2020-09-26,hires_j,1
T001269,2021-02-26,hires_j,1
T001269,2021-05-20,hires_j,1
T001269,2021-06-13,hires_j,1
T001269,2021-07-11,hires_j,1
T001272,2020-02-05,hires_j,1
T001272,2020-02-25,hires_j,1
T001272,2020-03-03,hires_j,1
T001272,2020-05-30,hires_j,1
T001272,2020-06-03,hires_j,1
T001272,2020-06-06,hires_j,1
T001272,2020-06-10,hires_j,1
T001272,2020-06-24,hires_j,3
T001272,2020-06-27,hires_j,1
T001272,2020-06-28,hires_j,1
T001272,2020-06-29,hires_j,1
T001272,2020-06-30,hires_j,1
T001272,2020-07-01,hires_j,1
T001272,2020-07-04,hires_j,1
T001272,2020-07-05,hires_j,1
T001272,2020-07-06,hires_j,1
T001272,2020-07-08,hires_j,1
T001272,2020-07-09,hires_j,1
T001272,2020-07-21,hires_j,1
T001272,2020-08-06,hires_j,1
T001272,2020-08-07,hires_j,1
T001272,2020-08-16,hires_j,1
T001272,2020-08-17,hires_j,1
T001272,2020-08-25,hires_j,1
T001272,2020-08-27,hires_j,1
T001272,2020-08-28,hires_j,1
T001272,2020-08-29,hires_j,1
T001272,2020-08-30,hires_j,1
T001272,2020-08-31,hires_j,1
T001272,2020-12-04,hires_j,1
T001272,2020-12-05,hires_j,1
T001272,2020-12-06,hires_j,1
T001272,2020-12-24,hires_j,1
T001272,2020-12-25,hires_j,1
T001272,2020-12-26,hires_j,1
T001272,2020-12-31,hires_j,1
T001272,2021-02-23,hires_j,1
T001272,2021-02-26,hires_j,1
T001272,2021-03-22,hires_j,1
T001272,2021-04-09,hires_j,1
T001272,2021-05-19,hires_j,1
T001272,2021-05-20,hires_j,1
T001272,2021-05-21,hires_j,1
T001272,2021-05-27,hires_j,1
T001272,2021-06-08,hires_j,1
T001272,2021-06-11,hires_j,1
T001272,2021-06-13,hires_j,1
T001272,2021-06-14,hires_j,1
T001272,2021-06-18,hires_j,1
T001272,2021-06-20,hires_j,1
T001272,2021-06-21,hires_j,1
T001272,2021-06-23,hires_j,1
T001272,2021-06-24,hires_j,1
T001272,2021-07-11,hires_j,1
T001272,2021-07-25,hires_j,1
T001279,2019-12-15,hires_j,1
T001279,2020-01-31,hires_j,1
T001279,2020-02-01,hires_j,1
T001279,2020-02-05,hires_j,1
T001279,2020-02-25,hires_j,1
T001279,2020-02-27,hires_j,1
T001279,2020-03-03,hires_j,1
T001279,2020-03-09,hires_j,1
T001279,2020-06-02,hires_j,1
T001279,2020-06-03,hires_j,1
T001279,2020-06-06,hires_j,1
T001279,2020-06-07,hires_j,1
T001279,2020-06-10,hires_j,1
T001279,2020-06-12,hires_j,1
T001279,2020-06-13,hires_j,1
T001279,2020-06-16,hires_j,1
T001279,2020-06-25,hires_j,1
T001279,2020-06-27,hires_j,1
T001279,2020-08-06,hires_j,1
T001279,2020-08-31,hires_j,1
T001279,2020-11-28,hires_j,1
T001279,2020-12-25,hires_j,1
T001279,2020-12-26,hires_j,1
T001279,2021-02-23,hires_j,1
T001279,2021-03-23,hires_j,1
T001279,2021-06-08,hires_j,1
T001279,2021-06-30,hires_j,3
T001288,2019-12-10,hires_j,1
T001288,2019-12-27,hires_j,1
T001288,2020-01-04,hires_j,1
T001288,2020-01-09,hires_j,1
T001288,2020-06-02,hires_j,1
T001288,2020-06-03,hires_j,1
T001288,2020-06-06,hires_j,1
T001288,2020-06-07,hires_j,1
T001288,2020-06-10,hires_j,1
T001288,2020-06-12,hires_j,1
T001288,2020-06-24,hires_j,1
T001288,2020-06-27,hires_j,1
T001288,2020-06-28,hires_j,1
T001288,2020-06-30,hires_j,1
T001288,2020-08-07,hires_j,1
T001288,2020-08-30,hires_j,1
T001288,2020-09-25,hires_j,1
T001288,2020-10-29,hires_j,1
T001288,2020-10-31,hires_j,1
T001288,2020-12-04,hires_j,1
T001288,2021-04-09,hires_j,1
T001288,2021-05-21,hires_j,1
T001288,2021-06-14,hires_j,1
T001288,2021-07-16,hires_j,1
T001410,2019-11-28,hires_j,1
T001410,2019-12-02,hires_j,1
T001410,2019-12-10,hires_j,1
T001410,2019-12-16,hires_j,1
T001410,2020-01-04,hires_j,1
T001410,2020-01-21,hires_j,1
T001410,2020-06-06,hires_j,1
T001410,2020-06-07,hires_j,1
T001410,2020-06-10,hires_j,1
T001410,2020-06-11,hires_j,1
T001410,2020-06-13,hires_j,1
T001410,2020-06-24,hires_j,1
T001410,2020-06-27,hires_j,1
T001410,2020-06-28,hires_j,1
T001410,2020-07-01,hires_j,1
T001410,2020-07-04,hires_j,1
T001410,2020-07-05,hires_j,1
T001410,2020-07-06,hires_j,1
T001410,2020-07-09,hires_j,1
T001410,2020-07-10,hires_j,1
T001410,2020-07-11,hires_j,1
T001410,2020-07-12,hires_j,1
T001410,2020-07-14,hires_j,1
T001410,2020-07-27,hires_j,1
T001410,2020-08-02,hires_j,1
T001410,2020-08-11,hires_j,1
T001410,2020-08-27,hires_j,1
T001410,2020-08-28,hires_j,1
T001410,2020-09-23,hires_j,1
T001410,2020-09-30,hires_j,1
T001410,2020-10-20,hires_j,1
T001410,2020-10-29,hires_j,1
T001410,2020-11-08,hires_j,1
T001410,2020-12-04,hires_j,1
T001410,2021-01-18,hires_j,1
T001410,2021-06-11,hires_j,1
T001410,2021-07-04,hires_j,1
T001410,2021-07-22,hires_j,1
T001422,2019-11-15,hires_j,1
T001422,2019-12-02,hires_j,1
T001422,2019-12-10,hires_j,1
T001422,2019-12-15,hires_j,1
T001422,2019-12-16,hires_j,1
T001422,2019-12-28,hires_j,1
T001422,2020-01-30,hires_j,1
T001422,2020-05-30,hires_j,1
T001422,2020-06-03,hires_j,1
T001422,2020-06-10,hires_j,1
T001422,2020-06-12,hires_j,1
T001422,2020-07-01,hires_j,1
T001422,2020-07-27,hires_j,1
T001422,2020-08-17,hires_j,3
T001422,2020-09-02,hires_j,1
T001422,2020-09-28,hires_j,1
T001422,2020-10-29,hires_j,1
T001422,2020-10-31,hires_j,1
T001422,2020-12-05,hires_j,1
T001422,2021-01-18,hires_j,1
T001422,2021-06-09,hires_j,1
T001422,2021-07-02,hires_j,1
T001438,2020-08-07,hires_j,1
T001438,2020-08-30,hires_j,1
T001438,2020-09-25,hires_j,1
T001438,2020-10-31,hires_j,1
T001438,2020-12-06,hires_j,1
T001438,2021-03-26,hires_j,1
T001438,2021-06-08,hires_j,1
T001438,2021-06-24,hires_j,3
T001443,2020-06-03,hires_j,3
T001443,2020-08-17,hires_j,1
T001443,2020-09-02,hires_j,1
T001443,2020-09-25,hires_j,1
T001443,2020-10-31,hires_j,1
T001443,2020-12-04,hires_j,1
T001443,2021-05-21,hires_j,1
T001443,2021-06-14,hires_j,1
T001443,2021-07-16,hires_j,1
T001444,2019-12-15,hires_j,1
T001444,2020-06-12,hires_j,1
T001444,2020-08-09,hires_j,1
T001444,2020-08-10,hires_j,1
T001444,2020-08-11,hires_j,1
T001444,2020-08-16,hires_j,3
T001444,2020-08-25,hires_j,1
T001444,2020-08-26,hires_j,1
T001444,2020-08-27,hires_j,3
T001444,2020-08-28,hires_j,3
T001444,2020-08-29,hires_j,3
T001444,2020-08-30,hires_j,3
T001444,2020-08-31,hires_j,3
T001444,2020-09-02,hires_j,2
T001444,2020-09-05,hires_j,2
T001444,2020-09-07,hires_j,1
T001444,2020-09-08,hires_j,1
T001444,2020-09-09,hires_j,2
T001444,2020-09-22,hires_j,2
T001444,2020-09-23,hires_j,2
T001444,2020-09-24,hires_j,1
T001444,2020-09-25,hires_j,3
T001444,2020-09-26,hires_j,2
T001444,2020-09-27,hires_j,2
T001444,2020-09-28,hires_j,2
T001444,2020-09-29,hires_j,2
T001444,2020-09-30,hires_j,2
T001444,2020-10-01,hires_j,2
T001444,2020-10-20,hires_j,1
T001444,2020-10-29,hires_j,1
T001444,2020-12-06,hires_j,1
T001444,2020-12-25,hires_j,1
T001444,2021-04-09,hires_j,1
T001444,2021-05-21,hires_j,1
T001444,2021-06-19,hires_j,1
T001444,2021-07-18,hires_j,1
T001451,2019-12-10,hires_j,1
T001451,2019-12-13,apf,2
T001451,2019-12-15,hires_j,1
T001451,2019-12-16,hires_j,1
T001451,2019-12-20,apf,2
T001451,2020-01-03,apf,2
T001451,2020-01-04,hires_j,1
T001451,2020-01-11,apf,2
T001451,2020-01-23,apf,2
T001451,2020-01-24,apf,2
T001451,2020-01-28,apf,2
T001451,2020-01-30,apf,2
T001451,2020-01-31,apf,2
T001451,2020-02-01,apf,2
T001451,2020-02-01,hires_j,1
T001451,2020-02-02,apf,1
T001451,2020-02-04,apf,1
T001451,2020-02-05,apf,1
T001451,2020-02-05,hires_j,1
T001451,2020-02-06,apf,1
T001451,2020-02-07,apf,1
T001451,2020-02-08,apf,1
T001451,2020-02-09,apf,1
T001451,2020-02-11,apf,1
T001451,2020-02-12,apf,1
T001451,2020-02-13,apf,1
T001451,2020-02-15,apf,1
T001451,2020-02-16,apf,1
T001451,2020-02-17,apf,1
T001451,2020-02-18,apf,1
T001451,2020-02-19,apf,1
T001451,2020-02-20,apf,1
T001451,2020-02-21,apf,1
T001451,2020-02-23,apf,1
T001451,2020-02-24,apf,1
T001451,2020-02-25,apf,1
T001451,2020-02-27,apf,1
T001451,2020-02-27,hires_j,1
T001451,2020-02-28,apf,1
T001451,2020-03-03,hires_j,1
T001451,2020-03-04,apf,1
T001451,2020-03-06,apf,1
T001451,2020-03-08,hires_j,1
T001451,2020-03-12,apf,1
T001451,2020-03-13,apf,1
T001451,2020-04-16,apf,1
T001451,2020-04-22,apf,1
T001451,2020-04-24,apf,1
T001451,2020-04-25,apf,1
T001451,2020-04-26,apf,1
T001451,2020-04-27,apf,1
T001451,2020-04-30,apf,1
T001451,2020-05-01,apf,1
T001451,2020-05-02,apf,1
T001451,2020-05-04,apf,1
T001451,2020-05-05,apf,1
T001451,2020-05-07,apf,1
T001451,2020-05-08,apf,1
T001451,2020-05-10,apf,1
T001451,2020-05-27,apf,1
T001451,2020-06-02,hires_j,1
T001451,2020-06-03,hires_j,1
T001451,2020-06-06,hires_j,1
T001451,2020-06-07,hires_j,1
T001451,2020-06-10,hires_j,1
T001451,2020-06-12,hires_j,1
T001451,2020-06-13,hires_j,1
T001451,2020-06-22,apf,1
T001451,2020-06-23,apf,1
T001451,2020-06-25,hires_j,1
T001451,2020-06-27,hires_j,1
T001451,2020-07-01,apf,1
T001451,2020-07-04,apf,1
T001451,2020-07-08,hires_j,1
T001451,2020-07-10,hires_j,3
T001451,2020-08-06,hires_j,1
T001451,2020-08-28,hires_j,1
T001451,2020-10-13,apf,1
T001451,2020-11-02,apf,1
T001451,2020-11-04,apf,1
T001451,2020-11-05,apf,1
T001451,2020-11-15,apf,1
T001451,2020-11-16,apf,1
T001451,2020-12-06,apf,1
T001451,2020-12-24,hires_j,1
T001451,2020-12-25,hires_j,1
T001451,2020-12-30,apf,1
T001451,2021-01-20,apf,1
T001451,2021-02-11,apf,1
T001451,2021-02-26,hires_j,1
T001451,2021-03-14,apf,1
T001451,2021-03-23,hires_j,1
T001451,2021-03-26,hires_j,1
T001451,2021-04-23,apf,1
T001451,2021-05-14,apf,1
T001451,2021-05-24,apf,1
T001451,2021-05-27,hires_j,1
T001451,2021-05-30,apf,1
T001451,2021-06-06,apf,1
T001451,2021-06-11,hires_j,1
T001451,2021-06-14,hires_j,1
T001451,2021-06-17,apf,1
T001451,2021-06-18,hires_j,1
T001451,2021-06-19,hires_j,1
T001451,2021-06-20,hires_j,1
T001451,2021-06-30,hires_j,1
T001451,2021-07-04,hires_j,1
T001451,2021-07-11,hires_j,1
T001451,2021-07-13,apf,1
T001451,2021-07-24,apf,1
T001472,2020-08-09,hires_j,1
T001472,2020-08-31,hires_j,1
T001472,2020-09-24,hires_j,1
T001472,2020-09-26,hires_j,3
T001472,2020-11-08,hires_j,1
T001472,2020-12-05,hires_j,1
T001472,2021-01-18,hires_j,1
T001472,2021-02-23,hires_j,1
T001472,2021-06-12,hires_j,1
T001472,2021-07-13,hires_j,1
T001669,2020-07-27,hires_j,1
T001669,2020-08-06,hires_j,1
T001669,2020-08-28,hires_j,1
T001669,2020-09-23,hires_j,1
T001669,2020-11-08,hires_j,1
T001669,2020-12-05,hires_j,1
T001669,2020-12-25,hires_j,1
T001669,2021-01-24,hires_j,1
T001669,2021-02-23,hires_j,1
T001669,2021-07-14,hires_j,1
T001691,2020-06-28,hires_j,1
T001691,2020-07-14,hires_j,1
T001691,2020-08-06,hires_j,1
T001691,2020-08-30,hires_j,1
T001691,2020-09-02,hires_j,3
T001691,2020-09-28,hires_j,1
T001691,2020-12-06,hires_j,1
T001691,2021-02-23,hires_j,1
T001691,2021-04-09,hires_j,1
T001691,2021-05-21,hires_j,1
T001691,2021-06-12,hires_j,1
T001691,2021-07-13,hires_j,1
T001694,2020-08-30,hires_j,1
T001694,2020-08-31,hires_j,1
T001694,2020-09-24,hires_j,1
T001694,2020-10-31,hires_j,1
T001694,2020-12-05,hires_j,1
T001694,2020-12-28,hires_j,1
T001694,2021-01-24,hires_j,1
T001694,2021-02-24,hires_j,1
T001694,2021-05-19,hires_j,1
T001710,2020-09-27,hires_j,1
T001710,2020-09-28,hires_j,1
T001710,2020-10-31,hires_j,1
T001710,2020-12-05,hires_j,1
T001710,2020-12-28,hires_j,1
T001710,2021-01-22,hires_j,1
T001710,2021-02-23,hires_j,1
T001710,2021-05-19,hires_j,1
T001710,2021-05-22,apf,2
T001710,2021-05-27,apf,2
T001710,2021-06-02,apf,2
T001710,2021-06-12,apf,1
T001710,2021-06-13,apf,2
T001710,2021-06-24,apf,2
T001710,2021-06-28,apf,2
T001710,2021-06-30,apf,2
T001710,2021-07-03,apf,2
T001710,2021-07-04,apf,2
T001710,2021-07-07,apf,2
T001710,2021-07-12,apf,2
T001710,2021-07-22,apf,2
T001710,2021-07-24,apf,2
T001710,2021-07-26,apf,1
T001723,2020-05-30,hires_j,1
T001723,2020-09-22,hires_j,1
T001723,2020-10-20,hires_j,1
T001723,2020-12-05,hires_j,1
T001723,2020-12-28,hires_j,1
T001723,2021-01-22,hires_j,1
T001723,2021-02-23,hires_j,1
T001723,2021-03-26,hires_j,1
T001723,2021-05-19,hires_j,1
T001723,2021-05-23,apf,1
T001723,2021-05-30,apf,1
T001723,2021-06-01,apf,1
T001723,2021-06-12,hires_j,1
T001723,2021-06-14,apf,1
T001723,2021-06-29,apf,1
T001723,2021-07-18,apf,1
T001753,2020-08-27,hires_j,1
T001753,2020-09-22,hires_j,1
T001753,2021-02-26,hires_j,1
T001753,2021-05-27,hires_j,1
T001753,2021-06-20,hires_j,1
T001753,2021-07-26,hires_j,1
T001758,2020-08-07,hires_j,1
T001758,2020-08-29,hires_j,1
T001758,2020-09-23,hires_j,1
T001758,2020-10-20,hires_j,1
T001758,2020-11-28,hires_j,1
T001758,2020-12-25,hires_j,1
T001758,2021-01-18,hires_j,1
T001758,2021-06-22,hires_j,1
T001759,2020-06-28,hires_j,1
T001759,2020-07-05,hires_j,1
T001759,2020-07-06,hires_j,1
T001759,2020-07-08,hires_j,1
T001759,2020-07-09,hires_j,1
T001759,2020-07-11,hires_j,1
T001759,2020-07-27,hires_j,1
T001759,2020-08-07,hires_j,1
T001759,2020-08-09,hires_j,1
T001759,2020-08-11,hires_j,1
T001759,2020-08-17,hires_j,1
T001759,2020-08-27,hires_j,1
T001759,2020-08-29,hires_j,1
T001759,2020-09-08,hires_j,1
T001759,2020-09-09,hires_j,1
T001759,2020-09-22,hires_j,1
T001759,2020-09-23,hires_j,1
T001759,2020-09-24,hires_j,1
T001759,2020-10-20,hires_j,1
T001759,2020-10-29,hires_j,1
T001759,2020-11-28,hires_j,1
T001759,2020-12-06,hires_j,1
T001759,2020-12-25,hires_j,1
T001759,2021-01-18,hires_j,1
T001759,2021-05-21,hires_j,1
T001759,2021-06-12,hires_j,1
T001759,2021-06-14,hires_j,1
T001759,2021-06-18,hires_j,1
T001759,2021-06-23,hires_j,1
T001759,2021-06-24,hires_j,1
T001759,2021-07-04,hires_j,1
T001759,2021-07-11,hires_j,1
T001759,2021-07-13,hires_j,1
T001759,2021-07-14,hires_j,1
T001759,2021-07-19,hires_j,1
T001759,2021-07-22,hires_j,1
T001759,2021-07-25,hires_j,1
T001775,2020-10-20,hires_j,1
T001775,2020-12-25,hires_j,1
T001775,2020-12-26,hires_j,1
T001775,2021-02-23,hires_j,1
T001775,2021-05-24,hires_j,1
T001775,2021-06-13,hires_j,1
T001794,2020-06-29,hires_j,3
T001794,2020-08-07,hires_j,1
T001794,2020-08-30,hires_j,1
T001794,2020-09-22,hires_j,1
T001794,2020-12-04,hires_j,1
T001794,2020-12-31,hires_j,1
T001794,2021-02-26,hires_j,1
T001794,2021-05-20,hires_j,1
T001794,2021-06-13,hires_j,1
T001794,2021-07-12,hires_j,1
T001824,2020-04-28,apf,3
T001824,2020-06-02,hires_j,1
T001824,2020-06-03,hires_j,1
T001824,2020-06-30,hires_j,1
T001824,2020-07-08,hires_j,1
T001824,2020-07-10,hires_j,1
T001824,2020-07-21,hires_j,1
T001824,2020-08-16,hires_j,1
T001824,2020-08-29,hires_j,1
T001824,2020-09-09,hires_j,1
T001824,2020-11-28,hires_j,1
T001824,2020-12-06,hires_j,1
T001824,2020-12-24,hires_j,1
T001824,2020-12-25,hires_j,1
T001824,2020-12-26,hires_j,1
T001824,2020-12-31,hires_j,1
T001824,2021-01-23,hires_j,1
T001824,2021-02-26,hires_j,1
T001824,2021-03-22,hires_j,1
T001824,2021-03-27,apf,1
T001824,2021-03-29,apf,1
T001824,2021-03-31,apf,1
T001824,2021-04-02,apf,1
T001824,2021-04-04,apf,1
T001824,2021-04-10,apf,1
T001824,2021-04-12,apf,1
T001824,2021-04-15,apf,1
T001824,2021-04-17,apf,1
T001824,2021-04-19,apf,1
T001824,2021-04-22,apf,1
T001824,2021-04-27,apf,1
T001824,2021-04-30,apf,1
T001824,2021-05-03,apf,1
T001824,2021-05-05,apf,1
T001824,2021-05-07,apf,1
T001824,2021-05-10,apf,1
T001824,2021-05-12,apf,1
T001824,2021-05-14,apf,1
T001824,2021-05-17,apf,1
T001824,2021-05-19,apf,1
T001824,2021-05-19,hires_j,1
T001824,2021-05-22,apf,2
T001824,2021-05-23,apf,2
T001824,2021-05-24,apf,2
T001824,2021-05-25,apf,2
T001824,2021-05-26,apf,2
T001824,2021-05-27,apf,2
T001824,2021-05-27,hires_j,1
T001824,2021-05-30,apf,2
T001824,2021-05-31,apf,2
T001824,2021-06-02,apf,2
T001824,2021-06-04,apf,2
T001824,2021-06-06,apf,2
T001824,2021-06-08,hires_j,1
T001824,2021-06-12,hires_j,1
T001824,2021-06-18,hires_j,1
T001824,2021-06-20,hires_j,1
T001824,2021-06-21,hires_j,1
T001824,2021-06-23,hires_j,1
T001824,2021-06-26,apf,2
T001824,2021-06-30,hires_j,1
T001824,2021-07-04,apf,2
T001824,2021-07-04,hires_j,1
T001824,2021-07-06,apf,2
T001824,2021-07-11,hires_j,1
T001824,2021-07-12,apf,2
T001824,2021-07-12,hires_j,1
T001824,2021-07-13,apf,2
T001824,2021-07-17,apf,2
T001824,2021-07-19,apf,2
T001824,2021-07-23,apf,2
T001824,2021-07-25,apf,2
T001824,2021-07-25,hires_j,1
T001824,2021-07-26,apf,2
T002088,2020-08-09,hires_j,1
T002088,2020-08-16,hires_j,1
T002088,2020-08-28,hires_j,1
T002088,2020-08-30,hires_j,1
T002088,2020-09-09,hires_j,1
T002088,2020-09-26,hires_j,1
T002088,2020-09-29,hires_j,1
T002088,2021-03-26,hires_j,1
T002088,2021-05-20,hires_j,1
T002088,2021-06-11,hires_j,1
T002088,2021-06-19,hires_j,1
TIC142381532,2020-04-22,apf,1
TIC142381532,2020-04-23,apf,2
TIC142381532,2020-04-24,apf,1
TIC142381532,2020-04-25,apf,1
TIC142381532,2020-04-26,apf,1
TIC142381532,2020-04-28,apf,1
TIC142381532,2020-05-01,apf,1
TIC142381532,2020-05-04,apf,1
TIC142381532,2020-05-11,apf,1
TIC142381532,2020-05-23,apf,1
TIC142381532,2020-06-26,apf,2
TIC142381532,2020-08-06,hires_j,1
TIC142381532,2020-08-31,hires_j,1
TIC142381532,2020-12-01,apf,1
TIC142381532,2020-12-04,apf,1
TIC142381532,2020-12-04,hires_j,1
TIC142381532,2020-12-05,apf,1
TIC142381532,2020-12-08,apf,1
TIC142381532,2020-12-13,apf,1
TIC142381532,2020-12-21,apf,1
TIC142381532,2020-12-28,hires_j,1
TIC142381532,2021-01-07,apf,1
TIC142381532,2021-02-06,apf,1
TIC142381532,2021-02-22,apf,1
TIC142381532,2021-02-23,apf,1
TIC142381532,2021-03-26,hires_j,1
TIC142381532,2021-03-28,apf,1
TIC142381532,2021-04-12,apf,1
TIC142381532,2021-04-19,apf,1
TIC142381532,2021-04-20,apf,1
TIC142381532,2021-04-22,apf,1
TIC142381532,2021-04-23,apf,1
TIC142381532,2021-04-27,apf,1
TIC142381532,2021-04-28,apf,1
TIC142381532,2021-04-29,apf,1
TIC142381532,2021-04-30,apf,1
TIC142381532,2021-05-01,apf,1
TIC142381532,2021-05-02,apf,1
TIC142381532,2021-05-07,apf,1
TIC142381532,2021-05-09,apf,1
TIC142381532,2021-05-11,apf,1
TIC142381532,2021-05-13,apf,1
TIC142381532,2021-05-15,apf,1
TIC142381532,2021-05-17,apf,1
TIC142381532,2021-05-19,apf,1
TIC142381532,2021-05-20,hires_j,1
TIC142381532,2021-05-22,apf,1
TIC142381532,2021-05-24,apf,1
TIC142381532,2021-05-26,apf,1
TIC142381532,2021-05-29,apf,1
TIC142381532,2021-05-31,apf,1
TIC142381532,2021-06-03,apf,1
TIC142381532,2021-06-05,apf,1
TIC142381532,2021-06-08,apf,1
TIC142381532,2021-06-11,apf,1
TIC142381532,2021-07-04,hires_j,1
TIC142381532,2021-07-06,apf,1
WASP156,2020-08-09,hires_j,1
WASP156,2020-08-31,hires_j,1
WASP156,2020-10-20,hires_j,1
WASP156,2020-11-28,hires_j,1
WASP156,2021-01-24,hires_j,1
WASP156,2021-02-23,hires_j,1
WASP156,2021-06-30,hires_j,1
