star_id,instrument,counts,iodine_in,bjd
12572,hires_j,44220,t,2459143.07340993
12572,hires_j,250216,t,2459124.06804342
12572,hires_j,250188,t,2459123.13792085
12572,hires_j,250028,t,2459122.05785911
12572,hires_j,250384,t,2459118.03804092
12572,hires_j,250512,t,2459116.98864488
12572,hires_j,250720,t,2459116.0364047
12572,hires_j,250680,t,2459115.09702398
12572,hires_j,250152,t,2459092.09755373
12572,hires_j,168612,t,2459087.99440735
12572,apf,374000000,t,2459077.01800835
12572,apf,271000000,t,2459073.9440755
12572,apf,348000000,t,2459069.9996737
12572,hires_j,250572,t,2459069.09846578
12572,apf,503000000,t,2459064.86819796
12572,hires_j,250188,t,2459064.08526432
12572,apf,345000000,t,2459062.91195606
12572,apf,194000000,t,2459060.89291917
12572,apf,405000000,t,2459059.98895421
12572,apf,238000000,t,2459056.90604037
12572,apf,306000000,t,2459055.97469941
12572,apf,431000000,t,2459052.96797457
12572,apf,235000000,t,2459051.96817962
12572,apf,322000000,t,2459042.98655307
12572,apf,571000000,t,2459041.97894812
12572,hires_j,250216,t,2459041.11988741
12572,apf,262000000,t,2459039.93047223
12572,hires_j,250508,t,2459039.11884704
12572,apf,228000000,t,2459036.98635138
12572,apf,191000000,t,2459036.96456738
12572,apf,178000000,t,2459036.94344238
12572,apf,214000000,t,2459035.97025343
12572,apf,196000000,t,2459035.94878143
12572,apf,156000000,t,2459035.92858243
12572,hires_j,250860,t,2459036.12248865
12572,apf,237000000,t,2459033.97428953
12572,apf,194000000,t,2459033.95299153
12572,apf,196000000,t,2459033.93120653
12572,apf,314000000,t,2459031.97912663
12572,apf,314000000,t,2459031.95771263
12572,apf,304000000,t,2459031.93643763
12572,hires_j,250616,t,2459029.10459818
12572,apf,433000000,t,2459026.99532488
12572,apf,517000000,t,2459026.97631888
12572,apf,191000000,t,2459024.97999798
12572,apf,111000000,t,2458904.66965279
12572,apf,122000000,t,2458904.65514079
12572,apf,126000000,t,2458904.64060479
12572,apf,108000000,t,2458899.71014101
12572,apf,136000000,t,2458899.69507301
12572,apf,166000000,t,2458899.68076901
12572,apf,145000000,t,2458898.71033706
12572,apf,159000000,t,2458898.69621806
12572,apf,191000000,t,2458898.68197106
12572,hires_j,250096,t,2458905.73739608
12572,hires_j,250524,t,2458904.70793728
12572,hires_j,211288,t,2458903.76727849
12572,hires_j,250444,t,2458884.7855798
12572,hires_j,125876,t,2458879.82059701
12572,hires_j,250408,f,2458878.79790999
12572,hires_j,250340,f,2458878.79434535
12572,hires_j,250136,t,2458878.78706609
12572,hires_j,250048,t,2458870.83232859
12572,hires_j,250088,f,2458869.83005537
12572,hires_j,125196,t,2458869.82682669
135694,hires_j,250064,t,2459123.72717452
135694,hires_j,250484,t,2459122.72951617
135694,hires_j,125336,t,2459121.71840888
135694,hires_j,250208,t,2459120.72545025
135694,hires_j,250452,t,2459115.73301255
135694,hires_j,250412,t,2459114.74301898
135694,hires_j,185124,t,2459099.72825322
135694,hires_j,250444,t,2459091.72340081
135694,hires_j,164656,t,2459087.74974
135694,hires_j,60540,t,2459077.73858379
135694,hires_j,250276,t,2459057.86864714
135694,hires_j,250612,t,2459051.82280811
135694,hires_j,250264,t,2459042.81247555
135694,hires_j,250208,t,2459041.80951433
135694,hires_j,218608,t,2459040.81172741
135694,hires_j,250180,t,2459039.83185759
135694,hires_j,250436,t,2459038.81316871
135694,hires_j,250940,t,2459036.7850409
135694,hires_j,250412,t,2459035.90130492
135694,hires_j,250288,t,2459034.84830102
135694,hires_j,250044,t,2459031.84471681
135694,hires_j,250636,t,2459030.8321306
135694,hires_j,250200,t,2459029.84422029
135694,hires_j,250560,t,2459028.8117511
135694,hires_j,250764,t,2459027.82772935
135694,hires_j,250076,t,2459025.83224627
135694,hires_j,250524,t,2459024.85936019
135694,apf,183000000,t,2459018.94570802
135694,hires_j,250004,t,2459019.00494274
135694,hires_j,250220,t,2459016.83599641
135694,hires_j,250092,t,2459013.78714087
135694,hires_j,215296,t,2459012.77893364
135694,apf,199000000,t,2459011.96509797
135694,hires_j,250116,t,2459011.81298368
135694,hires_j,250760,t,2459010.8902509
135694,apf,230000000,t,2459009.89600296
135694,hires_j,250432,t,2459007.88997311
135694,hires_j,250212,t,2459006.89297182
135694,hires_j,250752,t,2459003.87967655
135694,hires_j,250252,t,2459002.91459616
135694,apf,204000000,t,2459003.90472192
135694,hires_j,250044,t,2458999.88286527
135694,apf,207000000,t,2458977.93550572
135694,apf,151000000,t,2458976.95680371
135694,apf,193000000,t,2458966.81227463
135694,apf,168000000,t,2458961.89414559
135694,apf,177000000,t,2458921.86900725
135694,apf,177000000,t,2458920.95307025
135694,hires_j,10600,f,2458919.04833869
135694,hires_j,250016,t,2458919.04240076
135694,hires_j,250300,t,2458918.05963474
135694,hires_j,250288,f,2458918.05346581
135694,hires_j,251152,f,2458918.05085085
135694,hires_j,250504,t,2458917.03145285
135694,apf,209000000,t,2458914.98484319
135694,apf,242000000,t,2458906.99080612
135694,apf,169000000,t,2458901.05967207
135694,apf,57900000,t,2458901.02515907
135694,apf,185000000,t,2458899.95732806
135694,apf,223000000,t,2458898.92866305
135694,apf,300000000,t,2458897.74606204
135694,apf,172000000,t,2458895.93746802
135694,apf,208000000,t,2458894.92822201
135694,apf,215000000,t,2458892.90676599
135694,apf,352000000,t,2458891.95533099
135694,apf,236000000,t,2458887.95760895
135694,apf,123000000,t,2458886.68833594
135694,apf,302000000,t,2458885.70008093
135694,apf,250000000,t,2458884.71430292
135694,apf,97500000,t,2458880.77530588
135694,apf,82700000,t,2458880.76075688
135694,apf,74800000,t,2458880.01296388
135694,apf,76900000,t,2458879.99858887
135694,apf,50800000,t,2458878.72734386
135694,apf,59000000,t,2458878.71380186
135694,apf,133000000,t,2458876.00587884
135694,apf,193000000,t,2458875.99153884
135694,apf,193000000,t,2458876.72463384
135694,apf,194000000,t,2458876.71388184
135694,apf,168000000,t,2458873.09834481
135694,apf,126000000,t,2458873.08379681
135694,apf,31500000,t,2458872.97911981
135694,apf,128000000,t,2458872.0244008
135694,apf,138000000,t,2458872.0084168
135694,apf,315000000,t,2458861.01588569
135694,apf,191000000,t,2458861.00895269
135694,apf,110000000,t,2458859.75893568
135694,apf,92700000,t,2458859.74365768
135694,apf,193000000,t,2458854.75673063
135694,apf,194000000,t,2458854.74645263
135694,apf,195000000,t,2458851.87767761
135694,apf,152000000,t,2458851.86501561
135694,apf,66600000,t,2458837.96596047
135694,apf,105000000,t,2458837.95234847
135694,apf,13100000,t,2458834.86800944
135694,apf,24400000,t,2458834.85403944
135694,apf,195000000,t,2458833.93876443
135694,apf,195000000,t,2458833.93014143
135694,apf,102000000,t,2458812.67091021
135694,apf,95200000,t,2458812.65677821
135694,apf,114000000,t,2458811.6278732
135694,apf,113000000,t,2458811.6137762
135694,apf,111000000,t,2458808.98904218
135694,apf,97600000,t,2458808.97452818
135694,apf,112000000,t,2458806.75900615
135694,apf,191000000,t,2458797.66570706
135694,apf,186000000,t,2458797.65148206
135694,apf,145000000,t,2458796.66183705
135694,apf,150000000,t,2458796.64765905
135694,apf,152000000,t,2458795.63840704
135694,apf,141000000,t,2458795.62434404
135694,apf,175000000,t,2458794.66495503
135694,apf,193000000,t,2458794.65140203
135694,apf,184000000,t,2458793.70046202
135694,apf,191000000,t,2458793.68620302
135694,apf,193000000,t,2458792.66378001
135694,apf,193000000,t,2458792.65183501
135694,apf,193000000,t,2458791.634343
135694,apf,193000000,t,2458791.620778
135694,apf,188000000,t,2458790.75337099
135694,apf,193000000,t,2458790.73943499
135694,apf,146000000,t,2458788.64917197
135694,apf,154000000,t,2458788.63404397
135694,apf,89100000,t,2458787.80004096
135694,apf,104000000,t,2458787.78596696
135694,apf,194000000,t,2458786.78375295
135694,apf,194000000,t,2458786.77264195
135694,apf,193000000,t,2458783.68057191
135694,apf,193000000,t,2458783.66788591
135694,apf,165000000,t,2458781.9768479
135694,apf,151000000,t,2458781.9629699
135694,hires_j,10156,f,2458906.11392687
135694,hires_j,250368,t,2458853.17562849
146757,hires_j,250724,t,2459122.73346729
146757,hires_j,250052,f,2459120.75133427
146757,hires_j,250200,t,2459120.71380024
146757,hires_j,250540,t,2459117.70707323
146757,hires_j,250620,t,2459092.81525113
146757,hires_j,202704,t,2459088.73488107
146757,hires_j,60072,t,2459067.83157781
146757,hires_j,60048,t,2459046.82186679
146757,hires_j,250400,t,2459028.82028616
146757,apf,33400000,f,2458969.73184414
146757,apf,33400000,f,2458969.72528214
146757,apf,33500000,f,2458969.71921714
146757,apf,171000000,t,2458967.97894812
146757,apf,180000000,t,2458967.96442212
146757,apf,185000000,t,2458967.95009412
146757,hires_j,10360,f,2458919.06905056
154840,hires_j,250392,t,2459123.78765302
154840,hires_j,250488,t,2459122.84518934
154840,hires_j,250480,t,2459119.73495383
154840,hires_j,250340,t,2459101.81321368
154840,hires_j,250544,t,2459089.90351389
154840,hires_j,156368,t,2459087.81251303
154840,apf,171000000,t,2459077.67445845
154840,apf,230000000,t,2459072.8634084
154840,apf,258000000,t,2459071.80926239
154840,apf,292000000,t,2459069.69063537
154840,hires_j,86564,t,2459068.91901897
154840,apf,307000000,t,2459064.69184531
154840,apf,288000000,t,2459062.68697729
154840,apf,264000000,t,2459060.68876327
154840,apf,334000000,t,2459059.69469726
154840,apf,282000000,t,2459056.68948823
154840,apf,346000000,t,2459055.69142822
154840,apf,217000000,t,2459054.88767021
154840,apf,263000000,t,2459052.94026519
154840,apf,196000000,t,2459051.93663818
154840,hires_j,250156,t,2459051.85361882
154840,apf,351000000,t,2459045.69764211
154840,apf,61700000,t,2459044.6885861
154840,apf,405000000,t,2459043.69913509
154840,hires_j,250024,t,2459042.83548129
154840,apf,293000000,t,2459042.70056508
154840,hires_j,170276,t,2459040.82289961
154840,apf,393000000,t,2459039.95490505
154840,hires_j,250224,t,2459039.84539302
154840,apf,337000000,t,2459035.90869801
154840,hires_j,60444,t,2459035.92100112
154840,hires_j,60384,t,2459035.89961247
154840,hires_j,57276,t,2459035.86553901
154840,apf,380000000,t,2459034.957348
154840,apf,342000000,t,2459033.91155398
154840,apf,318000000,t,2459031.91768396
154840,hires_j,250756,t,2459027.85035921
154840,apf,196000000,t,2459026.92736291
154840,apf,321000000,t,2459023.92074888
154840,apf,196000000,t,2459019.96919084
154840,apf,204000000,t,2459018.89908783
154840,hires_j,151852,t,2459019.01882054
154840,apf,139000000,t,2459016.86714481
154840,hires_j,250052,t,2459016.86554788
154840,hires_j,250396,t,2459013.88508283
154840,hires_j,171528,t,2459012.80140215
154840,apf,236000000,t,2459011.95134075
154840,hires_j,250448,t,2459011.85052086
154840,apf,203000000,t,2459010.99207974
154840,hires_j,250156,t,2459010.93650194
154840,apf,232000000,t,2459009.88237973
154840,hires_j,250660,t,2459007.89926131
154840,hires_j,250136,t,2459006.90767299
154840,hires_j,250428,t,2459003.91142439
154840,hires_j,250292,t,2459002.94885065
154840,apf,217000000,t,2459003.89191067
154840,hires_j,250832,t,2458999.90561972
154840,apf,249000000,t,2458996.8775936
154840,apf,166000000,t,2458979.95504542
154840,apf,193000000,t,2458977.8487254
154840,apf,125000000,t,2458976.86342339
154840,apf,203000000,t,2458974.88326937
154840,apf,226000000,t,2458973.82119536
154840,apf,174000000,t,2458971.80157234
154840,apf,144000000,t,2458970.90382633
154840,apf,132000000,t,2458969.80837132
154840,apf,132000000,t,2458966.79216729
154840,apf,154000000,t,2458965.86636428
154840,apf,247000000,t,2458964.92477327
154840,apf,134000000,t,2458961.85084424
154840,apf,161000000,t,2458921.93108984
154840,apf,164000000,t,2458920.78560682
154840,hires_j,250868,f,2458918.13041003
154840,hires_j,250600,f,2458918.12751698
154840,hires_j,250180,t,2458918.07703007
154840,hires_j,250248,t,2458917.09239449
154840,apf,47100000,t,2458882.04975844
154840,apf,258000000,t,2458914.82881076
154840,apf,227000000,t,2458906.95465769
154840,apf,90200000,t,2458904.00208866
154840,apf,244000000,t,2458902.83607065
154840,apf,202000000,t,2458901.01427463
154840,apf,160000000,t,2458899.97094362
154840,apf,182000000,t,2458898.98566961
154840,apf,94800000,t,2458896.84268659
154840,apf,306000000,t,2458895.85678758
154840,apf,69500000,t,2458894.85329457
154840,apf,124000000,t,2458893.99567356
154840,apf,182000000,t,2458892.99274755
154840,apf,159000000,t,2458891.99091054
154840,apf,272000000,t,2458888.87247851
154840,apf,314000000,t,2458888.0127275
154840,apf,150000000,t,2458887.01651449
154840,apf,316000000,t,2458885.87575048
154840,apf,309000000,t,2458885.04215747
154840,apf,300000000,t,2458883.94179946
154840,apf,107000000,t,2458876.08455838
154840,apf,95600000,t,2458876.07000938
154840,apf,98000000,t,2458852.10649014
154840,apf,129000000,t,2458831.09160794
154840,apf,132000000,t,2458831.07769594
154840,hires_j,10320,f,2458815.68654969
156141,hires_j,250472,t,2459123.78430785
156141,hires_j,251180,t,2459122.75205073
156141,hires_j,250620,t,2459120.73021222
156141,hires_j,250356,t,2459114.7595031
156141,hires_j,248000,t,2459099.72210106
156141,hires_j,250596,t,2459097.90327902
156141,hires_j,250648,t,2459094.79927441
156141,hires_j,250280,t,2459092.81172672
156141,hires_j,250640,t,2459091.7202375
156141,hires_j,250860,t,2459090.72378407
156141,hires_j,250428,t,2459089.89882583
156141,hires_j,250788,t,2459088.72369067
156141,hires_j,81632,t,2459087.73701882
156141,hires_j,250204,t,2459086.72692
156141,hires_j,60160,t,2459063.97589076
156141,apf,411000000,f,2459043.9800712
156141,hires_j,60536,t,2459036.85867125
156141,hires_j,60816,t,2459036.79708549
156141,hires_j,60296,t,2459036.76208562
156141,hires_j,250768,t,2459030.90409243
156141,apf,381000000,t,2459019.88903115
156141,apf,384000000,t,2459018.87955915
156141,apf,303000000,t,2459016.84627615
156141,apf,112000000,t,2459012.84153814
156141,apf,479000000,t,2459011.93121014
156141,apf,452000000,t,2459010.97237513
156141,hires_j,250276,f,2459010.94532718
156141,apf,442000000,t,2459009.86258213
156141,apf,451000000,t,2459006.84932113
156141,apf,420000000,t,2459003.87229912
156141,apf,192000000,t,2459003.00104612
156141,hires_j,60596,t,2458999.91615642
156141,apf,33500000,f,2458968.86473004
156141,apf,33300000,f,2458968.86199804
156141,apf,33300000,f,2458968.85938304
156141,hires_j,10524,f,2458919.07573411
191939,apf,321000000,t,2459135.67086212
191939,apf,376000000,t,2459132.67421115
191939,hires_j,250732,t,2459123.71016375
191939,hires_j,250364,t,2459122.72011503
191939,hires_j,125540,t,2459121.71803992
191939,hires_j,250016,t,2459120.95546824
191939,hires_j,250568,f,2459120.78212268
191939,hires_j,250392,f,2459120.77785166
191939,hires_j,250144,f,2459120.77348765
191939,hires_j,250228,t,2459119.86076416
191939,hires_j,180724,t,2459118.97920947
191939,hires_j,250188,t,2459117.97405499
191939,hires_j,250948,t,2459114.81685162
191939,hires_j,250528,t,2459101.71639855
191939,hires_j,250136,t,2459100.7161342
191939,hires_j,152280,t,2459099.7490289
191939,hires_j,250560,t,2459097.96410109
191939,hires_j,250512,t,2459094.80531375
191939,hires_j,250164,t,2459093.02460932
191939,hires_j,250096,t,2459092.0203483
191939,hires_j,250696,t,2459091.04153933
191939,hires_j,250448,t,2459089.81330475
191939,hires_j,225764,t,2459088.8358722
191939,hires_j,245284,t,2459087.91104414
191939,hires_j,250168,t,2459078.80138985
191939,hires_j,250188,t,2459077.82557566
191939,apf,388000000,t,2459076.76766368
191939,apf,46700000,t,2459075.76974169
191939,apf,305000000,t,2459074.7428957
191939,apf,397000000,t,2459073.75499571
191939,apf,427000000,t,2459072.74262872
191939,hires_j,250344,t,2459072.85525798
191939,apf,243000000,t,2459071.75159273
191939,hires_j,250556,t,2459071.89566887
191939,apf,268000000,t,2459070.76693374
191939,apf,349000000,t,2459069.76951975
191939,apf,364000000,t,2459068.78429276
191939,hires_j,250252,t,2459068.92558081
191939,hires_j,101588,t,2459067.9880404
191939,apf,269000000,t,2459063.80782181
191939,apf,207000000,t,2459066.81102678
191939,apf,287000000,t,2459065.82773279
191939,apf,341000000,t,2459064.7829218
191939,hires_j,247488,t,2459064.01644814
191939,apf,345000000,t,2459062.78266282
191939,apf,359000000,t,2459061.80639383
191939,apf,299000000,t,2459060.78372384
191939,apf,418000000,t,2459059.73371385
191939,apf,305000000,t,2459058.84606886
191939,hires_j,214924,t,2459058.07063717
191939,apf,231000000,t,2459057.81888387
191939,apf,304000000,t,2459056.76284488
191939,apf,349000000,t,2459055.76949089
191939,apf,245000000,t,2459054.7988229
191939,apf,331000000,t,2459053.78237891
191939,apf,314000000,t,2459052.85940792
191939,apf,379000000,t,2459051.78011493
191939,hires_j,250196,t,2459051.90693466
191939,apf,336000000,t,2459050.76181894
191939,apf,316000000,t,2459049.81082695
191939,apf,400000000,t,2459048.85100396
191939,apf,377000000,t,2459045.81797699
191939,apf,492000000,t,2459044.868617
191939,hires_j,250460,t,2459044.94678933
191939,apf,413000000,t,2459043.83021501
191939,hires_j,250728,t,2459043.08111396
191939,apf,355000000,t,2459042.88222102
191939,apf,352000000,t,2459041.82086703
191939,hires_j,250804,t,2459041.9089012
191939,hires_j,250376,t,2459040.90993407
191939,apf,410000000,t,2459039.97521505
191939,hires_j,250320,t,2459040.07599241
191939,hires_j,250100,t,2459039.06554302
191939,hires_j,250572,t,2459036.90933937
191939,hires_j,250192,t,2459036.06955359
191939,hires_j,250884,t,2459035.03750577
191939,apf,479000000,t,2459034.9012761
191939,hires_j,250180,t,2459032.04100754
191939,apf,402000000,t,2459030.98273314
191939,hires_j,250676,t,2459031.05906588
191939,hires_j,250208,t,2459030.0452366
191939,hires_j,250916,t,2459029.0278543
191939,apf,349000000,t,2459028.85891516
191939,apf,348000000,t,2459027.97118817
191939,hires_j,250204,t,2459028.03174549
191939,hires_j,250224,t,2459026.09787426
191939,hires_j,250536,t,2459025.02902117
191939,apf,270000000,t,2459019.84198225
191939,apf,246000000,t,2459018.86175426
191939,hires_j,250060,t,2459019.04122518
191939,apf,170000000,t,2459017.95370327
191939,apf,148000000,t,2459016.82826428
191939,hires_j,118100,t,2459016.93021107
191939,hires_j,250084,t,2459014.0811502
191939,apf,90500000,t,2459012.82441332
191939,hires_j,250268,t,2459013.0315819
191939,apf,326000000,t,2459011.91247433
191939,hires_j,250432,t,2459012.06760539
191939,apf,306000000,t,2459010.95456234
191939,hires_j,250488,t,2459011.05483111
191939,apf,280000000,t,2459009.84340735
191939,hires_j,250508,t,2459008.09490269
191939,apf,299000000,t,2459006.82095538
191939,hires_j,250524,t,2459007.05344855
191939,apf,192000000,t,2459005.89691139
191939,hires_j,250716,t,2459004.06373071
191939,hires_j,250820,t,2459003.07127121
191939,apf,176000000,t,2459003.82457041
191939,apf,190000000,t,2459002.89901042
191939,hires_j,250740,t,2459000.08412475
191939,apf,262000000,t,2458996.90561048
191939,hires_j,245160,t,2458996.10984627
191939,apf,206000000,t,2458991.98703853
191939,apf,39400000,t,2458985.91150059
191939,apf,99600000,t,2458980.91506064
191939,apf,185000000,t,2458979.78467665
191939,apf,272000000,t,2458978.93816266
191939,apf,280000000,t,2458977.89047667
191939,apf,341000000,t,2458976.89001468
191939,apf,242000000,t,2458974.9103527
191939,apf,254000000,t,2458973.83347871
191939,apf,213000000,t,2458971.81504573
191939,apf,89700000,t,2458970.93184273
191939,apf,75300000,t,2458969.74785175
191939,apf,157000000,t,2458968.91337675
191939,apf,341000000,t,2458966.92595377
191939,apf,293000000,t,2458964.95193479
191939,apf,297000000,t,2458954.97073889
191939,apf,165000000,t,2458961.93675482
191939,apf,244000000,t,2458922.0535162
191939,apf,187000000,t,2458881.64175358
191939,apf,56500000,t,2458915.05804227
191939,apf,343000000,t,2458912.90693229
191939,apf,1350000,t,2458907.88155634
191939,apf,10700000,t,2458896.92362944
191939,apf,306000000,t,2458885.93697154
191939,apf,132000000,t,2458880.67981659
191939,apf,110000000,t,2458880.66477059
191939,apf,85000000,t,2458876.69687662
191939,apf,98600000,t,2458876.68319562
191939,apf,188000000,t,2458871.64909867
191939,apf,188000000,t,2458871.64069667
191939,apf,809000000,t,2458861.04190777
191939,apf,187000000,t,2458861.03259077
191939,apf,130000000,t,2458859.72817578
191939,apf,107000000,t,2458859.71346478
191939,apf,187000000,t,2458854.61312483
191939,apf,187000000,t,2458854.60540583
191939,apf,79200000,t,2458853.04508084
191939,apf,74100000,t,2458853.02936384
191939,apf,7850000,t,2458846.7510049
191939,apf,119000000,t,2458846.7415259
191939,apf,80300000,t,2458837.74848898
191939,apf,107000000,t,2458837.73426398
191939,apf,147000000,t,2458834.66113301
191939,apf,156000000,t,2458834.64673501
191939,hires_j,135548,t,2458857.70590436
191939,hires_j,250492,t,2458852.70619992
191939,hires_j,250232,t,2458845.69274162
191939,hires_j,250320,t,2458844.71075978
191939,hires_j,250580,t,2458833.70494963
191939,hires_j,215692,t,2458832.70553684
191939,hires_j,251108,f,2458827.76239343
191939,hires_j,250704,t,2458827.69350579
191939,hires_j,236492,t,2458819.74319008
191939,hires_j,250368,t,2458815.77873335
191939,hires_j,250152,t,2458802.799923
191939,hires_j,250084,t,2458795.83217088
191939,hires_j,10832,f,2458794.79474006
207897,hires_j,250644,t,2459142.96121703
207897,apf,232000000,t,2459130.7051242
207897,hires_j,250756,t,2459123.93676336
207897,hires_j,251476,t,2459122.9552265
207897,hires_j,250396,t,2459120.97967575
207897,hires_j,250056,t,2459119.868273
207897,hires_j,250096,t,2459118.9848176
207897,hires_j,250252,t,2459115.05857442
207897,hires_j,250704,t,2459102.00857548
207897,hires_j,250132,t,2459100.98533382
207897,hires_j,250832,t,2459099.82667047
207897,hires_j,250312,t,2459097.97306397
207897,hires_j,250872,t,2459094.98384026
207897,hires_j,250332,t,2459093.02679366
207897,hires_j,250212,t,2459092.05979238
207897,hires_j,251412,t,2459091.05585792
207897,hires_j,251476,t,2459090.03052184
207897,hires_j,250524,t,2459089.00211877
207897,hires_j,61504,t,2459079.03896337
207897,apf,527000000,t,2459059.92940304
207897,apf,273000000,t,2459039.91217426
207897,hires_j,60180,t,2459039.08417394
207897,apf,540000000,t,2459018.84696748
207897,apf,299000000,t,2459017.93763349
207897,apf,412000000,t,2459016.8105325
207897,apf,97300000,t,2459012.81224155
207897,apf,408000000,t,2459011.89534156
207897,apf,445000000,t,2459010.93843056
207897,apf,459000000,t,2459009.82627558
207897,apf,541000000,t,2459008.86419159
207897,hires_j,60704,t,2459008.06566159
207897,hires_j,60504,t,2459008.01673859
207897,hires_j,60592,t,2459007.97721259
207897,apf,345000000,t,2459006.80412361
207897,apf,366000000,t,2459005.88076762
207897,apf,360000000,t,2459004.91579263
207897,hires_j,61488,t,2459004.08020371
207897,apf,292000000,t,2459003.80881564
207897,apf,202000000,t,2459002.88492965
207897,hires_j,10140,f,2458996.11755671
207897,hires_j,250336,t,2458869.70689911
207897,hires_j,250560,t,2457237.10563305
207897,hires_j,125640,t,2456588.93549721
207897,hires_j,500716,f,2453964.06076698
207897,hires_j,485636,t,2453962.00774979
207897,hires_j,500168,t,2453602.91703106
237566,apf,376000000,t,2459142.03271929
237566,hires_j,250324,t,2459124.04815501
237566,hires_j,250288,t,2459123.09235837
237566,hires_j,250308,t,2459122.13269646
237566,hires_j,250508,f,2459121.11880514
237566,hires_j,250060,f,2459121.11409375
237566,hires_j,250428,t,2459121.10660513
237566,hires_j,250132,t,2459119.1039639
237566,hires_j,250440,t,2459118.10297901
237566,hires_j,250516,t,2459117.1203408
237566,hires_j,250448,t,2459116.12762095
237566,hires_j,250276,t,2459115.12345438
237566,hires_j,250508,t,2459098.13755914
237566,hires_j,60708,t,2459092.13665453
237566,apf,195000000,t,2459060.99117856
237566,hires_j,60540,t,2458999.73606515
237566,hires_j,10104,f,2458904.88252635
63935,apf,422000000,t,2459143.03758696
63935,apf,426000000,t,2459142.06554696
63935,hires_j,250220,t,2459123.08283073
63935,hires_j,250864,t,2459123.08007548
63935,hires_j,250256,t,2459123.07748324
63935,hires_j,250132,t,2459122.09735876
63935,hires_j,250208,t,2459122.09480052
63935,hires_j,250024,t,2459122.09221928
63935,hires_j,250784,t,2459121.09976826
63935,hires_j,250988,t,2459121.09719903
63935,hires_j,250668,t,2459121.09464079
63935,hires_j,251048,t,2459120.08937623
63935,hires_j,250008,t,2459120.086899
63935,hires_j,250240,t,2459120.08434077
63935,hires_j,250948,t,2459117.13832737
63935,hires_j,250664,t,2459117.13611617
63935,hires_j,250704,t,2459117.13389397
63935,hires_j,250040,t,2459115.13345401
63935,hires_j,250040,t,2459115.13045575
63935,hires_j,250416,t,2459101.13997509
63935,hires_j,250232,t,2459101.13657184
63935,hires_j,250080,t,2459101.13305358
63935,hires_j,250220,t,2459100.13592054
63935,hires_j,250220,t,2459003.74810278
63935,hires_j,250392,t,2459003.74480501
63935,hires_j,250828,t,2459003.74163323
63935,hires_j,250684,t,2459002.74214251
63935,hires_j,250960,t,2459002.73961969
63935,hires_j,250496,t,2459002.73713187
63935,hires_j,251056,t,2458999.74919663
63935,hires_j,250536,t,2458999.74651183
63935,hires_j,250940,t,2458999.74392002
63935,apf,291000000,t,2458965.72373207
63935,apf,180000000,t,2458963.71242106
63935,apf,278000000,t,2458954.746391
63935,apf,183000000,t,2458961.71777505
63935,apf,203000000,t,2458921.70138276
63935,apf,254000000,t,2458920.74732575
63935,apf,10900000,t,2458918.77501273
63935,hires_j,250256,t,2458918.96514823
63935,hires_j,250980,t,2458918.96270642
63935,hires_j,250844,t,2458918.96024161
63935,apf,456000000,t,2458881.70823138
63935,apf,346000000,t,2458912.70941168
63935,apf,27400000,t,2458907.71395563
63935,apf,418000000,t,2458906.88534963
63935,apf,652000000,t,2458904.75829161
63935,apf,225000000,t,2458903.8060906
63935,apf,322000000,t,2458902.78381059
63935,apf,127000000,t,2458901.69745958
63935,apf,265000000,t,2458900.71963057
63935,apf,430000000,t,2458899.74484356
63935,apf,288000000,t,2458898.81506555
63935,apf,231000000,t,2458897.73378854
63935,apf,148000000,t,2458896.75250453
63935,apf,298000000,t,2458895.87803252
63935,apf,414000000,t,2458894.79849751
63935,apf,308000000,t,2458892.92553549
63935,apf,390000000,t,2458890.82781847
63935,apf,347000000,t,2458888.84025345
63935,apf,366000000,t,2458885.72926842
63935,apf,394000000,t,2458884.73367241
63935,apf,314000000,t,2458883.6446634
63935,apf,200000000,t,2458880.71864736
63935,apf,210000000,t,2458880.70372836
63935,apf,127000000,t,2458876.82024832
63935,apf,245000000,t,2458876.80332732
63935,apf,284000000,t,2458871.75220327
63935,apf,297000000,t,2458871.73743527
63935,apf,200000000,t,2458854.69863207
63935,apf,199000000,t,2458854.69033307
63935,apf,198000000,t,2458853.70917606
63935,apf,200000000,t,2458853.70100406
63935,apf,132000000,t,2458853.00443605
63935,apf,136000000,t,2458852.99151905
63935,apf,200000000,t,2458851.78235503
63935,apf,199000000,t,2458851.77423003
63935,apf,177000000,t,2458846.73300597
63935,apf,150000000,t,2458846.71863097
63935,apf,199000000,t,2458840.8495169
63935,apf,198000000,t,2458840.84125189
63935,apf,151000000,t,2458837.83796186
63935,apf,185000000,t,2458837.82482486
63935,apf,198000000,t,2458834.83803782
63935,apf,199000000,t,2458834.82988982
63935,apf,92200000,t,2458833.8812378
63935,apf,199000000,t,2458833.8699758
63935,apf,198000000,t,2458830.95080376
63935,apf,198000000,t,2458830.93935676
63935,apf,199000000,t,2458812.95442751
63935,apf,186000000,t,2458812.93966951
63935,apf,363000000,t,2458811.9000245
63935,apf,290000000,t,2458810.88227948
63935,apf,4840000,t,2458809.89327347
63935,apf,198000000,t,2458809.88723147
63935,apf,181000000,t,2458808.90077045
63935,apf,192000000,t,2458808.88645245
63935,apf,128000000,t,2458807.02806442
63935,apf,154000000,t,2458800.93378833
63935,apf,181000000,t,2458800.91958533
63935,apf,198000000,t,2458799.92991232
63935,apf,198000000,t,2458799.92082532
63935,apf,300000000,t,2458798.9401923
63935,apf,299000000,t,2458797.85454829
63935,apf,276000000,t,2458796.84363227
63935,apf,355000000,t,2458795.87722326
63935,apf,395000000,t,2458794.94100124
63935,apf,395000000,t,2458793.92900823
63935,apf,346000000,t,2458790.93492718
63935,apf,324000000,t,2458788.88893215
63935,apf,395000000,t,2458787.96980413
63935,apf,198000000,t,2458786.89892511
63935,apf,198000000,t,2458786.89169011
63935,apf,198000000,t,2458782.00313604
63935,apf,198000000,t,2458781.99158404
63935,apf,199000000,t,2458775.92421994
63935,apf,199000000,t,2458775.91750594
63935,apf,283000000,t,2458772.99848289
63935,apf,259000000,t,2458768.92551882
63935,apf,198000000,t,2458760.94450568
63935,apf,199000000,t,2458760.93712068
63935,apf,199000000,t,2458761.9444367
63935,apf,199000000,t,2458761.9380007
63935,apf,198000000,t,2458758.95677465
63935,apf,198000000,t,2458758.94451665
63935,apf,198000000,t,2458759.95496866
63935,apf,187000000,t,2458759.94295366
63935,apf,198000000,t,2458758.05266363
63935,apf,198000000,t,2458758.04072963
63935,apf,172000000,t,2458765.93976877
63935,apf,168000000,t,2458765.92553177
63935,apf,383000000,t,2458765.02132475
63935,apf,187000000,t,2458763.93474073
63935,apf,198000000,t,2458762.96619972
63935,apf,198000000,t,2458762.95660372
63935,apf,395000000,t,2458753.05144854
63935,apf,198000000,t,2458751.98467552
63935,apf,180000000,t,2458751.97110952
63935,apf,321000000,t,2458748.97397547
63935,apf,176000000,t,2458747.99471345
63935,apf,198000000,t,2458747.98171445
63935,apf,205000000,t,2458746.97953543
63935,apf,198000000,t,2458744.98753039
63935,apf,198000000,t,2458744.97820039
63935,apf,198000000,t,2458743.99952138
63935,apf,198000000,t,2458743.99171938
63935,apf,75900000,t,2458741.98969534
63935,apf,71200000,t,2458741.04234132
63935,apf,79900000,t,2458741.02774532
63935,apf,198000000,t,2458740.0060683
63935,apf,198000000,t,2458739.9930933
63935,apf,1000000000,t,2458738.01838227
63935,apf,198000000,t,2458738.00419127
63935,apf,371000000,t,2458736.02129023
63935,apf,196000000,t,2458736.01478523
63935,apf,234000000,t,2458734.01063619
63935,apf,198000000,t,2458727.03187206
63935,hires_j,251260,t,2458911.83080344
63935,hires_j,250984,t,2458911.82830361
63935,hires_j,250368,t,2458911.8255378
63935,hires_j,250700,t,2458907.79737666
63935,hires_j,250460,t,2458907.79432186
63935,hires_j,250100,t,2458907.79112706
63935,hires_j,250524,t,2458906.80872352
63935,hires_j,250420,t,2458906.80648966
63935,hires_j,251280,t,2458906.8042208
63935,hires_j,250488,t,2458905.83220936
63935,hires_j,250836,t,2458905.82999849
63935,hires_j,250268,t,2458905.82774163
63935,hires_j,250484,t,2458904.84465257
63935,hires_j,250680,t,2458904.84183974
63935,hires_j,250064,t,2458904.8391089
63935,hires_j,250968,t,2458903.86889978
63935,hires_j,250368,t,2458903.86591395
63935,hires_j,250848,t,2458903.86256915
63935,hires_j,250192,t,2458884.85229244
63935,hires_j,250080,t,2458884.8501745
63935,hires_j,250928,t,2458884.84804456
63935,hires_j,250464,t,2458880.84409652
63935,hires_j,250948,t,2458879.86746259
63935,hires_j,250028,t,2458878.89617395
63935,hires_j,250740,t,2458878.89391699
63935,hires_j,250624,t,2458878.89163703
63935,hires_j,250216,t,2458870.89959393
63935,hires_j,250260,t,2458869.87955247
63935,hires_j,250284,t,2458866.05025942
63935,hires_j,250024,t,2458857.88643811
63935,hires_j,250088,t,2458856.86608479
63935,hires_j,250196,t,2458855.85469891
63935,hires_j,250448,t,2458852.90479311
63935,hires_j,250184,t,2458844.91756887
63935,hires_j,251460,t,2458827.96915131
63935,hires_j,250148,t,2458820.01439394
63935,hires_j,250828,t,2458809.07994147
63935,hires_j,250752,t,2458798.11626262
63935,hires_j,250300,t,2458797.104166
63935,hires_j,250820,t,2458796.04120905
63935,hires_j,251140,f,2458795.04745805
63935,hires_j,251076,f,2458795.04511983
63935,hires_j,250452,f,2458795.04099944
63935,hires_j,250476,t,2458795.00493102
63935,hires_j,250364,t,2458788.11234113
63935,hires_j,250212,t,2458777.06303487
63935,hires_j,250652,t,2458744.13959027
63935,hires_j,250164,t,2458733.13861837
93963,hires_j,60360,t,2459143.13682655
93963,hires_j,251028,t,2459034.74317306
93963,hires_j,250620,t,2459024.74980835
93963,hires_j,30788,f,2458999.8329766
93963,hires_j,10600,f,2458999.75812265
93963,apf,162000000,t,2458967.84981378
93963,apf,159000000,t,2458967.83576378
93963,apf,154000000,t,2458967.82118178
GJ9522A,hires_j,60060,t,2459118.7490017
GJ9522A,hires_j,60084,t,2459091.73350849
GJ9522A,hires_j,60060,t,2459068.80552382
GJ9522A,hires_j,152380,t,2459044.79839337
GJ9522A,hires_j,125032,t,2459042.79321704
GJ9522A,hires_j,125232,t,2459041.81701056
GJ9522A,hires_j,238620,t,2459039.82560603
GJ9522A,hires_j,225676,t,2459038.82985108
GJ9522A,hires_j,125224,t,2459036.77618047
GJ9522A,hires_j,60080,t,2459035.91764102
GJ9522A,hires_j,60084,t,2459035.89474903
GJ9522A,hires_j,56648,t,2459035.85686871
GJ9522A,hires_j,125312,t,2459034.84545382
GJ9522A,hires_j,228520,t,2459031.83655686
GJ9522A,hires_j,225348,t,2459030.84185343
GJ9522A,hires_j,250088,t,2459029.82249881
GJ9522A,hires_j,250216,t,2459028.80638481
GJ9522A,hires_j,250100,t,2459027.82269918
GJ9522A,hires_j,250004,f,2459025.81715772
GJ9522A,hires_j,119888,t,2459016.84742243
GJ9522A,hires_j,211804,t,2459013.85157511
GJ9522A,hires_j,120528,t,2459012.88585761
GJ9522A,hires_j,250196,t,2459011.82423017
GJ9522A,hires_j,206636,t,2459010.9005473
GJ9522A,hires_j,152356,t,2459007.87173013
GJ9522A,hires_j,226240,t,2459006.87304905
GJ9522A,hires_j,228348,t,2458885.04009575
GJ9522A,hires_j,184428,t,2458853.14328643
GJ9522A,hires_j,10164,f,2458853.13531206
HIP97166,apf,130000000,t,2459144.67831869
HIP97166,apf,193000000,t,2459144.65988069
HIP97166,apf,42200000,t,2459135.68294977
HIP97166,hires_j,250320,t,2459123.90759052
HIP97166,hires_j,250028,t,2459122.93571342
HIP97166,hires_j,250200,t,2459121.96215907
HIP97166,hires_j,193916,t,2459120.94619492
HIP97166,hires_j,140128,t,2459118.96862067
HIP97166,hires_j,250096,t,2459117.96659202
HIP97166,hires_j,250184,t,2459114.95850276
HIP97166,hires_j,244836,t,2459102.02733965
HIP97166,hires_j,117540,t,2459099.8128794
HIP97166,hires_j,250120,t,2459097.94764879
HIP97166,hires_j,250188,t,2459093.01461804
HIP97166,hires_j,250304,t,2459090.02144885
HIP97166,hires_j,250044,t,2459079.05748827
HIP97166,apf,165000000,t,2459076.74612427
HIP97166,apf,148000000,t,2459076.72479227
HIP97166,apf,353000000,t,2459075.82158028
HIP97166,apf,355000000,t,2459075.80369828
HIP97166,apf,164000000,t,2459074.70562129
HIP97166,apf,151000000,t,2459074.68499629
HIP97166,apf,164000000,t,2459073.70710629
HIP97166,apf,194000000,t,2459073.68545129
HIP97166,apf,179000000,t,2459072.7103973
HIP97166,apf,141000000,t,2459072.6880363
HIP97166,hires_j,250084,t,2459073.02855227
HIP97166,apf,91200000,t,2459071.71560931
HIP97166,apf,121000000,t,2459071.69470631
HIP97166,hires_j,250068,t,2459072.05993349
HIP97166,apf,132000000,t,2459070.74488532
HIP97166,apf,129000000,t,2459070.72369232
HIP97166,apf,152000000,t,2459069.74765533
HIP97166,apf,154000000,t,2459069.72672833
HIP97166,apf,219000000,t,2459068.76283234
HIP97166,apf,310000000,t,2459068.74145534
HIP97166,hires_j,240756,t,2459068.96666777
HIP97166,apf,118000000,t,2459063.78686938
HIP97166,apf,83900000,t,2459063.76500538
HIP97166,apf,208000000,t,2459066.78760935
HIP97166,apf,173000000,t,2459066.76667135
HIP97166,apf,163000000,t,2459064.73370437
HIP97166,apf,186000000,t,2459064.71281337
HIP97166,hires_j,249972,t,2459064.00735985
HIP97166,apf,165000000,t,2459062.75421139
HIP97166,apf,164000000,t,2459062.73254439
HIP97166,apf,159000000,t,2459061.89906739
HIP97166,apf,164000000,t,2459061.87711139
HIP97166,apf,173000000,t,2459060.7565694
HIP97166,apf,155000000,t,2459060.7349834
HIP97166,apf,164000000,t,2459059.84047541
HIP97166,apf,155000000,t,2459059.81948041
HIP97166,apf,139000000,t,2459058.81575742
HIP97166,apf,137000000,t,2459058.79457642
HIP97166,apf,141000000,t,2459057.90319443
HIP97166,apf,131000000,t,2459057.88146943
HIP97166,apf,134000000,t,2459056.85006144
HIP97166,apf,122000000,t,2459056.82793144
HIP97166,apf,151000000,t,2459055.82452145
HIP97166,apf,162000000,t,2459055.80302845
HIP97166,apf,153000000,t,2459054.76730345
HIP97166,apf,144000000,t,2459054.74556745
HIP97166,apf,163000000,t,2459053.86623446
HIP97166,apf,179000000,t,2459053.84504146
HIP97166,apf,149000000,t,2459052.82658547
HIP97166,apf,125000000,t,2459052.80504547
HIP97166,apf,135000000,t,2459051.85148748
HIP97166,apf,184000000,t,2459051.83032948
HIP97166,apf,164000000,t,2459050.89276649
HIP97166,apf,165000000,t,2459050.87156249
HIP97166,apf,169000000,t,2459049.7740315
HIP97166,apf,181000000,t,2459049.7535915
HIP97166,apf,189000000,t,2459048.9001735
HIP97166,apf,197000000,t,2459048.8788535
HIP97166,apf,182000000,t,2459045.90785353
HIP97166,apf,186000000,t,2459045.88640653
HIP97166,apf,210000000,t,2459044.83359954
HIP97166,apf,208000000,t,2459044.81211754
HIP97166,hires_j,200056,t,2459045.04568657
HIP97166,apf,169000000,t,2459043.79539955
HIP97166,apf,174000000,t,2459043.77419555
HIP97166,hires_j,250044,t,2459043.06025956
HIP97166,apf,175000000,t,2459042.81490855
HIP97166,apf,148000000,t,2459042.79408655
HIP97166,apf,143000000,t,2459041.79301656
HIP97166,apf,216000000,t,2459041.76985656
HIP97166,hires_j,250252,t,2459041.90132862
HIP97166,hires_j,164668,t,2459040.90042144
HIP97166,hires_j,250056,t,2459040.06847513
HIP97166,apf,987000000,t,2459038.93305259
HIP97166,apf,207000000,t,2459038.91170959
HIP97166,hires_j,250068,t,2459039.05829715
HIP97166,apf,121000000,t,2459036.7944656
HIP97166,apf,152000000,t,2459036.7734006
HIP97166,hires_j,250272,t,2459036.90361172
HIP97166,apf,166000000,t,2459035.79396461
HIP97166,apf,164000000,t,2459035.77259861
HIP97166,hires_j,250216,t,2459036.05708183
HIP97166,hires_j,250300,t,2459034.90073346
HIP97166,apf,219000000,t,2459034.79720162
HIP97166,apf,225000000,t,2459034.77597462
HIP97166,apf,203000000,t,2459033.84564863
HIP97166,apf,217000000,t,2459033.82420163
HIP97166,apf,173000000,t,2459032.88813464
HIP97166,apf,175000000,t,2459032.86660664
HIP97166,apf,173000000,t,2459031.85718264
HIP97166,apf,169000000,t,2459031.83573564
HIP97166,hires_j,250172,t,2459031.89815567
HIP97166,apf,177000000,t,2459030.87091865
HIP97166,apf,175000000,t,2459030.84962165
HIP97166,hires_j,250248,t,2459031.05092067
HIP97166,apf,140000000,t,2459029.82725766
HIP97166,apf,246000000,t,2459029.80564866
HIP97166,hires_j,250128,t,2459030.0350615
HIP97166,hires_j,125284,t,2459028.91826418
HIP97166,apf,324000000,t,2459028.83123767
HIP97166,apf,351000000,t,2459028.81208267
HIP97166,apf,134000000,t,2459027.88406068
HIP97166,apf,121000000,t,2459027.86147868
HIP97166,apf,55000000,t,2459027.80260068
HIP97166,hires_j,125248,t,2459028.00568288
HIP97166,hires_j,250416,f,2459027.99139969
HIP97166,apf,101000000,t,2459026.86806369
HIP97166,apf,102000000,t,2459026.84718369
HIP97166,apf,188000000,t,2459024.8289517
HIP97166,apf,200000000,t,2459024.8073537
HIP97166,hires_j,250312,t,2459024.94244804
HIP97166,apf,161000000,t,2459023.84256171
HIP97166,apf,167000000,t,2459023.82110271
HIP97166,apf,161000000,t,2459022.84208672
HIP97166,apf,167000000,t,2459022.82009572
HIP97166,apf,226000000,t,2459021.82887973
HIP97166,apf,269000000,t,2459021.80871773
HIP97166,apf,173000000,t,2459020.93939073
HIP97166,apf,158000000,t,2459020.91833673
HIP97166,hires_j,109024,t,2459019.02902183
HIP97166,apf,168000000,t,2459011.99756081
HIP97166,hires_j,250144,t,2459012.06044419
HIP97166,hires_j,60244,t,2459008.06422892
HIP97166,hires_j,60044,t,2459008.01537453
HIP97166,hires_j,60280,t,2459007.97549021
HIP97166,hires_j,60088,t,2459004.0526833
HIP97166,hires_j,250356,t,2459000.03434855
HIP97166,apf,175000000,t,2458996.80706393
HIP97166,apf,175000000,t,2458996.78550093
HIP97166,apf,66100000,f,2458995.88197893
HIP97166,apf,61800000,f,2458995.86748793
HIP97166,apf,65100000,f,2458995.85304293
HIP97166,apf,60500000,f,2458995.83871393
HIP97166,apf,58800000,f,2458995.82420093
HIP97166,apf,54400000,f,2458995.81002193
HIP97166,apf,54500000,f,2458995.79553093
HIP97166,hires_j,10080,f,2458996.11441031
HIP97166,apf,121000000,t,2458980.86313305
HIP97166,apf,107000000,t,2458980.84147805
HIP97166,apf,151000000,t,2458979.90506606
HIP97166,apf,193000000,t,2458978.98651406
HIP97166,apf,33500000,f,2458976.00421609
HIP97166,apf,33300000,f,2458975.99135809
HIP97166,apf,35000000,f,2458975.98598709
T001173,hires_j,60124,t,2459101.7313868
T001173,hires_j,60036,t,2459077.7843554
T001173,hires_j,60072,t,2458885.01149198
T001173,hires_j,10144,f,2458833.16635067
T001174,hires_j,58996,t,2459114.72147471
T001174,hires_j,60124,t,2459092.76892594
T001174,hires_j,60044,t,2459070.85422055
T001174,hires_j,60124,t,2459011.8541156
T001174,hires_j,60100,t,2458918.02041499
T001174,apf,37100000,f,2458800.00466801
T001174,apf,33000000,f,2458799.99057001
T001174,apf,34600000,f,2458799.976079
T001174,hires_j,60076,t,2458885.02796193
T001174,hires_j,5132,f,2458881.09709374
T001180,hires_j,57488,t,2459120.72022838
T001180,hires_j,37056,t,2459094.76249949
T001180,hires_j,60032,t,2459070.86376829
T001180,hires_j,10180,f,2458919.04514709
T001194,hires_j,60124,t,2459077.74405601
T001194,hires_j,60060,t,2459039.78282471
T001194,hires_j,60064,t,2459031.79959665
T001194,hires_j,54460,t,2459010.82893376
T001194,hires_j,60108,t,2459006.79709879
T001194,hires_j,60068,t,2458911.8577747
T001194,hires_j,54312,t,2458907.88399431
T001194,hires_j,57144,t,2458906.84644242
T001194,hires_j,60020,t,2458904.86478255
T001194,hires_j,60056,t,2458884.92630217
T001194,hires_j,125112,t,2458880.99953122
T001194,hires_j,250012,f,2458880.95843238
T001194,hires_j,123860,t,2458878.93210734
T001194,hires_j,10160,f,2458853.10408078
T001194,hires_j,125036,t,2458833.086191
T001194,hires_j,10024,f,2458828.10965893
T001244,hires_j,50796,t,2459114.86305345
T001244,hires_j,27520,t,2459086.88994673
T001244,hires_j,10016,f,2458815.70503175
T001246,hires_j,60004,t,2459123.73465533
T001246,hires_j,60036,t,2459122.74502757
T001246,hires_j,60036,t,2459121.72997173
T001246,hires_j,60016,t,2459120.73792527
T001246,hires_j,50752,t,2459119.76202512
T001246,hires_j,60004,t,2459118.769689
T001246,hires_j,60008,t,2459117.75376584
T001246,hires_j,60060,t,2459115.78544959
T001246,hires_j,60048,t,2459114.75154083
T001246,hires_j,60012,t,2459101.77339245
T001246,hires_j,54100,t,2459097.87403142
T001246,hires_j,46556,t,2459094.79032517
T001246,hires_j,60012,t,2459092.80462206
T001246,hires_j,60060,t,2459091.81037132
T001246,hires_j,60040,t,2459090.80765877
T001246,hires_j,60012,t,2459089.87543365
T001246,hires_j,35828,t,2459086.874789
T001246,hires_j,60008,t,2459077.88344336
T001246,hires_j,60032,t,2459072.87996081
T001246,hires_j,54760,t,2459071.9366395
T001246,hires_j,35348,t,2459069.009849
T001246,hires_j,60004,t,2459038.84045666
T001246,hires_j,60024,t,2459036.79198909
T001246,hires_j,60024,t,2459034.85573232
T001246,hires_j,60040,t,2459030.89287352
T001246,hires_j,60024,t,2459027.83836544
T001246,hires_j,60020,t,2459024.86927497
T001246,hires_j,45560,t,2459016.8749168
T001246,hires_j,60008,t,2459013.87324916
T001246,hires_j,204332,f,2459011.91761209
T001246,hires_j,70672,t,2459006.88414293
T001246,hires_j,60052,t,2459003.89134522
T001246,hires_j,60012,t,2459002.92823238
T001246,hires_j,60004,t,2458999.89268016
T001246,hires_j,43212,t,2458995.87584643
T001246,hires_j,60044,t,2458919.05511347
T001246,hires_j,60004,t,2458918.06580254
T001246,hires_j,59544,t,2458917.06226647
T001246,hires_j,10028,f,2458815.6924422
T001248,hires_j,60016,t,2459117.7645853
T001248,hires_j,23556,t,2459086.90347437
T001248,hires_j,10012,f,2458815.71005678
T001249,hires_j,60128,t,2459114.71499356
T001249,hires_j,60012,t,2459101.73787042
T001249,hires_j,60036,t,2459078.77487853
T001249,hires_j,89952,t,2458906.92507713
T001249,hires_j,125080,t,2458904.93434975
T001249,hires_j,125036,t,2458884.9819338
T001249,hires_j,10140,f,2458833.16394666
T001269,hires_j,60004,t,2459118.75794993
T001269,hires_j,60012,t,2459094.84851733
T001269,hires_j,60044,t,2459070.91055641
T001269,hires_j,60028,t,2458917.04704552
T001269,hires_j,10052,f,2458815.68915704
T001272,hires_j,60004,t,2459092.75164742
T001272,hires_j,57556,t,2459091.75473844
T001272,hires_j,60052,t,2459090.75418352
T001272,hires_j,50144,t,2459089.75624656
T001272,hires_j,32740,t,2459088.74374984
T001272,hires_j,32620,t,2459086.74177004
T001272,hires_j,60008,t,2459078.75390852
T001272,hires_j,60036,t,2459077.7683669
T001272,hires_j,60076,t,2459068.78419467
T001272,hires_j,47840,t,2459067.78912407
T001272,hires_j,60048,t,2459051.80474799
T001272,hires_j,60036,t,2459039.79976207
T001272,hires_j,60020,t,2459038.79400617
T001272,hires_j,60036,t,2459036.76687161
T001272,hires_j,57996,t,2459035.84556832
T001272,hires_j,60048,t,2459034.82516196
T001272,hires_j,60056,t,2459031.81639627
T001272,hires_j,60016,t,2459030.80125714
T001272,hires_j,60060,t,2459029.79984456
T001272,hires_j,60024,t,2459028.78706696
T001272,hires_j,60064,t,2459027.77926638
T001272,hires_j,60048,t,2459024.88310477
T001272,hires_j,60024,t,2459024.82997194
T001272,hires_j,60052,t,2459024.77592415
T001272,hires_j,125040,f,2459011.89162639
T001272,hires_j,60036,t,2459010.86797332
T001272,hires_j,55988,t,2459006.85212798
T001272,hires_j,60044,t,2459003.84090923
T001272,hires_j,60020,t,2458999.78669548
T001272,hires_j,50780,t,2458911.89625895
T001272,hires_j,60008,t,2458904.92543571
T001272,hires_j,60004,t,2458885.02103513
T001272,hires_j,10008,f,2458833.16135697
T001279,hires_j,60064,t,2459092.72242008
T001279,hires_j,60048,t,2459067.76424804
T001279,hires_j,125164,t,2459027.76014172
T001279,hires_j,125080,t,2459025.75782616
T001279,hires_j,64448,t,2459016.80179751
T001279,hires_j,125160,t,2459013.79958353
T001279,hires_j,105728,t,2459012.86272851
T001279,hires_j,125144,t,2459010.85010253
T001279,hires_j,57532,t,2459007.81911197
T001279,hires_j,125148,t,2459006.81484261
T001279,hires_j,125004,t,2459003.82803029
T001279,hires_j,125132,t,2459002.87308777
T001279,hires_j,125112,t,2458918.00850488
T001279,apf,49800000,f,2458790.98016478
T001279,apf,49500000,f,2458790.96569678
T001279,apf,43700000,f,2458790.95140178
T001279,hires_j,125140,t,2458911.87769525
T001279,hires_j,125048,t,2458906.86853193
T001279,hires_j,125056,t,2458904.9114213
T001279,hires_j,125156,t,2458884.9409573
T001279,hires_j,99064,t,2458881.03199875
T001279,hires_j,85876,t,2458879.92848881
T001279,hires_j,250272,f,2458834.1314892
T001279,hires_j,125164,t,2458833.1480865
T001279,hires_j,10220,f,2458809.13172151
T001288,hires_j,60092,t,2459117.98792675
T001288,hires_j,60140,t,2459092.03711011
T001288,hires_j,89432,t,2459069.08076004
T001288,hires_j,125184,t,2459031.0736459
T001288,hires_j,60156,t,2459029.11707416
T001288,hires_j,125148,t,2459028.03665053
T001288,hires_j,125128,t,2459025.04180917
T001288,hires_j,125020,t,2459013.03732859
T001288,hires_j,125092,t,2459011.06113154
T001288,hires_j,125036,t,2459008.0880704
T001288,hires_j,125008,t,2459007.06566005
T001288,hires_j,60100,t,2459004.07333038
T001288,hires_j,125228,t,2459003.0763397
T001288,apf,45800000,f,2458783.81295822
T001288,apf,58300000,f,2458783.79809722
T001288,apf,59400000,f,2458783.78430022
T001288,hires_j,52928,t,2458857.72121395
T001288,hires_j,125064,t,2458852.71997511
T001288,hires_j,125052,t,2458844.75549941
T001288,hires_j,250012,f,2458844.74143683
T001288,hires_j,125076,t,2458827.73987333
T001288,hires_j,10148,f,2458819.72289762
T001410,hires_j,60012,t,2459142.98188226
T001410,hires_j,60128,t,2459122.96693824
T001410,hires_j,60040,t,2459116.06449059
T001410,hires_j,90008,t,2459090.06938255
T001410,hires_j,90032,t,2459089.01429783
T001410,hires_j,60116,t,2459073.0564113
T001410,hires_j,60016,t,2459064.03799829
T001410,hires_j,60128,t,2459058.10494584
T001410,hires_j,60100,t,2459045.0024615
T001410,hires_j,60092,t,2459043.08775163
T001410,hires_j,60008,t,2459041.93261255
T001410,hires_j,60036,t,2459041.09654258
T001410,hires_j,60068,t,2459040.10184055
T001410,hires_j,60024,t,2459036.92457127
T001410,hires_j,60024,t,2459036.08698482
T001410,hires_j,60088,t,2459035.05049555
T001410,hires_j,60080,t,2459032.06696111
T001410,hires_j,90108,t,2459029.05463784
T001410,hires_j,90100,t,2459028.0545043
T001410,hires_j,108728,t,2459025.06144034
T001410,hires_j,60052,t,2459014.09192915
T001410,hires_j,47716,t,2459012.08411419
T001410,hires_j,89396,t,2459011.0797904
T001410,hires_j,104656,t,2459008.10288646
T001410,hires_j,84916,t,2459007.07778613
T001410,hires_j,223132,f,2458870.7408545
T001410,hires_j,74236,t,2458869.73782078
T001410,hires_j,120584,t,2458852.74916044
T001410,hires_j,125052,t,2458833.78380738
T001410,hires_j,111304,t,2458827.85492103
T001410,hires_j,88624,t,2458819.77949803
T001410,hires_j,114880,t,2458815.78986543
T001410,hires_j,10036,f,2458798.83181039
T001422,hires_j,56056,t,2459121.0173566
T001422,hires_j,60132,t,2459094.99197129
T001422,hires_j,60096,t,2459078.99282951
T001422,hires_j,60076,t,2459078.91629708
T001422,hires_j,60032,t,2459078.85417545
T001422,hires_j,60060,t,2459058.11017141
T001422,hires_j,60192,t,2459032.07148476
T001422,hires_j,125116,t,2459013.0982378
T001422,hires_j,125032,t,2459011.08845432
T001422,hires_j,125024,t,2459004.08522039
T001422,hires_j,125236,t,2459000.10277494
T001422,hires_j,250096,f,2458879.7352769
T001422,hires_j,118884,t,2458878.76560004
T001422,hires_j,125096,t,2458845.80736701
T001422,hires_j,125124,t,2458833.79569162
T001422,hires_j,135596,t,2458832.87849216
T001422,hires_j,125172,t,2458827.86794427
T001422,hires_j,69036,t,2458819.80619936
T001422,hires_j,125108,t,2458802.82869173
T001422,hires_j,10080,f,2458798.83779673
T001438,hires_j,60048,t,2459117.74600984
T001438,hires_j,43672,t,2459091.90359025
T001438,hires_j,60032,t,2459068.99603864
T001438,hires_j,10120,f,2458815.72305422
T001443,hires_j,60036,t,2459117.95991785
T001443,hires_j,60116,t,2459094.98037171
T001443,hires_j,60004,t,2459079.02762059
T001443,hires_j,60036,t,2459004.09285762
T001443,hires_j,60196,t,2459004.05620244
T001443,hires_j,60088,t,2459004.01704726
T001443,hires_j,10016,f,2458819.71820283
T001444,hires_j,125020,t,2459142.95336556
T001444,hires_j,125032,t,2459123.89782776
T001444,hires_j,125084,t,2459123.71773401
T001444,hires_j,125164,t,2459122.9458042
T001444,hires_j,125080,t,2459122.72558299
T001444,hires_j,125072,t,2459121.9524379
T001444,hires_j,125024,t,2459121.74250473
T001444,hires_j,114376,t,2459120.97050638
T001444,hires_j,125088,t,2459120.83747198
T001444,hires_j,125084,t,2459119.87663932
T001444,hires_j,125056,t,2459119.74528386
T001444,hires_j,125024,t,2459118.95154775
T001444,hires_j,125084,t,2459118.71815408
T001444,hires_j,125032,t,2459117.99565753
T001444,hires_j,125148,t,2459117.78228705
T001444,hires_j,125052,t,2459117.73888353
T001444,hires_j,125004,t,2459116.95621202
T001444,hires_j,125136,t,2459115.97716089
T001444,hires_j,125108,t,2459115.76109322
T001444,hires_j,125028,t,2459114.9698791
T001444,hires_j,125112,t,2459114.73860316
T001444,hires_j,125068,t,2459102.01681703
T001444,hires_j,125100,t,2459101.78544723
T001444,hires_j,125092,t,2459101.02023731
T001444,hires_j,125088,t,2459099.88351698
T001444,hires_j,108356,t,2459098.03800978
T001444,hires_j,125052,t,2459097.88725517
T001444,hires_j,125072,t,2459094.97368366
T001444,hires_j,125092,t,2459094.74528848
T001444,hires_j,125056,t,2459093.04554684
T001444,hires_j,125076,t,2459092.87864475
T001444,hires_j,125032,t,2459092.74071415
T001444,hires_j,123452,t,2459092.07041242
T001444,hires_j,125008,t,2459091.92596473
T001444,hires_j,125080,t,2459091.7458343
T001444,hires_j,125064,t,2459091.06383022
T001444,hires_j,125036,t,2459090.98747478
T001444,hires_j,125128,t,2459090.74689217
T001444,hires_j,125072,t,2459090.03966747
T001444,hires_j,125072,t,2459089.9833814
T001444,hires_j,125120,t,2459089.74764784
T001444,hires_j,125012,t,2459089.04840915
T001444,hires_j,125140,t,2459088.91984268
T001444,hires_j,98296,t,2459088.79900631
T001444,hires_j,83088,t,2459087.84799256
T001444,hires_j,91112,t,2459086.77593421
T001444,hires_j,250116,f,2459078.93043622
T001444,hires_j,125040,t,2459078.06463075
T001444,hires_j,125104,t,2459077.90932648
T001444,hires_j,125128,t,2459077.8026232
T001444,hires_j,125112,t,2459073.04622427
T001444,hires_j,125060,t,2459072.076353
T001444,hires_j,125056,t,2459071.08302114
T001444,hires_j,60120,t,2459013.08471385
T001444,hires_j,72596,t,2458832.75306103
T001444,hires_j,10012,f,2458819.73542716
T001451,apf,97300000,t,2459135.60535604
T001451,hires_j,250416,t,2459089.7357962
T001451,hires_j,60288,t,2459067.74467564
T001451,hires_j,60148,t,2459040.83338829
T001451,hires_j,60100,t,2459040.78647996
T001451,hires_j,60328,t,2459040.74233854
T001451,hires_j,250020,t,2459038.77437713
T001451,apf,127000000,t,2459034.87645662
T001451,apf,105000000,t,2459031.89646057
T001451,hires_j,250312,t,2459027.7660452
T001451,hires_j,250284,t,2459025.76506948
T001451,apf,126000000,t,2459023.89955144
T001451,apf,86800000,t,2459022.88470243
T001451,hires_j,250008,t,2459013.80794225
T001451,hires_j,79732,t,2459012.87261841
T001451,hires_j,250312,t,2459010.85791816
T001451,hires_j,250128,t,2459007.82571435
T001451,hires_j,250464,t,2459006.82129904
T001451,hires_j,250152,t,2459003.84929255
T001451,hires_j,250008,t,2459002.87932143
T001451,apf,167000000,t,2458996.86092099
T001451,apf,109000000,t,2458979.9392837
T001451,apf,141000000,t,2458977.83350766
T001451,apf,312000000,t,2458976.84837664
T001451,apf,147000000,t,2458974.86811261
T001451,apf,176000000,t,2458973.80608659
T001451,apf,177000000,t,2458971.78584755
T001451,apf,219000000,t,2458970.83050453
T001451,apf,83800000,t,2458969.78665952
T001451,apf,112000000,t,2458966.72026746
T001451,apf,124000000,t,2458965.85172444
T001451,apf,182000000,t,2458964.85154443
T001451,apf,147000000,t,2458963.74404241
T001451,apf,133000000,t,2458961.76585537
T001451,apf,116000000,t,2458955.67877726
T001451,apf,59800000,t,2458921.68549762
T001451,apf,61100000,t,2458920.7085866
T001451,hires_j,41468,t,2458916.96532948
T001451,apf,170000000,t,2458881.83601183
T001451,apf,54100000,t,2458914.76502048
T001451,apf,264000000,t,2458912.74507544
T001451,apf,37400000,t,2458907.68019434
T001451,apf,170000000,t,2458906.81897633
T001451,apf,71800000,t,2458904.70564729
T001451,apf,116000000,t,2458903.78985527
T001451,apf,278000000,t,2458902.76068225
T001451,apf,111000000,t,2458900.91713721
T001451,apf,148000000,t,2458899.78304219
T001451,apf,94700000,t,2458898.73356517
T001451,apf,291000000,t,2458897.71684115
T001451,apf,88900000,t,2458896.81475713
T001451,apf,98800000,t,2458895.76549611
T001451,apf,107000000,t,2458894.73895509
T001451,apf,139000000,t,2458892.87919105
T001451,apf,95800000,t,2458891.81111803
T001451,apf,302000000,t,2458890.94456201
T001451,apf,127000000,t,2458888.82290197
T001451,apf,153000000,t,2458887.83241795
T001451,apf,227000000,t,2458886.66033393
T001451,apf,300000000,t,2458885.67264991
T001451,apf,183000000,t,2458884.68573889
T001451,apf,263000000,t,2458883.67331887
T001451,apf,193000000,t,2458880.74436181
T001451,apf,194000000,t,2458880.73468581
T001451,apf,60500000,t,2458879.85105979
T001451,apf,124000000,t,2458879.84155779
T001451,apf,66100000,t,2458879.02036277
T001451,apf,62700000,t,2458879.00569777
T001451,apf,19800000,t,2458876.87268273
T001451,apf,52100000,t,2458876.85967273
T001451,apf,181000000,t,2458872.92644965
T001451,apf,192000000,t,2458872.91556965
T001451,apf,92500000,t,2458871.78013663
T001451,apf,82500000,t,2458871.76557663
T001451,apf,76000000,t,2458859.80175638
T001451,apf,81400000,t,2458859.78846938
T001451,apf,89400000,t,2458852.01046622
T001451,apf,114000000,t,2458851.99591722
T001451,apf,62400000,t,2458838.04010092
T001451,apf,80400000,t,2458838.02718392
T001451,apf,123000000,t,2458831.03622777
T001451,apf,108000000,t,2458831.02151577
T001451,hires_j,250092,t,2458911.88648768
T001451,hires_j,250176,t,2458906.90892966
T001451,hires_j,250284,t,2458884.9466225
T001451,hires_j,250148,t,2458881.03882343
T001451,hires_j,250348,t,2458853.10900633
T001451,hires_j,250188,f,2458834.12276368
T001451,hires_j,250336,f,2458834.11782142
T001451,hires_j,250020,t,2458834.09866544
T001451,hires_j,250020,t,2458833.14130146
T001451,hires_j,250320,t,2458828.12202268
T001451,hires_j,10032,f,2458809.13059866
T001472,hires_j,125092,f,2459122.99630003
T001472,hires_j,125040,f,2459122.03807251
T001472,hires_j,60052,t,2459119.14282573
T001472,hires_j,60032,t,2459119.09949008
T001472,hires_j,60036,t,2459119.05755648
T001472,hires_j,60104,t,2459117.04416476
T001472,hires_j,60036,t,2459093.0558646
T001472,hires_j,60056,t,2459071.1104656
T001472,hires_j,10096,f,2458844.77252224
T001472,hires_j,10192,f,2458827.78953052
T001669,hires_j,250312,f,2459123.11266245
T001669,hires_j,60124,t,2459116.09224965
T001669,hires_j,60168,t,2459090.0867239
T001669,hires_j,-1,t,2459068.07782495
T001669,hires_j,60012,t,2459058.09402423
T001669,hires_j,10264,f,2458904.73983451
T001691,hires_j,245532,f,2459122.76869748
T001691,hires_j,60096,t,2459120.84387487
T001691,hires_j,60116,t,2459094.88145729
T001691,hires_j,60172,t,2459094.82061133
T001691,hires_j,54536,t,2459094.77143074
T001691,hires_j,60012,t,2459091.90885107
T001691,hires_j,21020,t,2459067.97935471
T001691,hires_j,40792,t,2459045.03607596
T001691,hires_j,125012,t,2459028.87847013
T001691,hires_j,10048,f,2458919.12539934
T001694,hires_j,60020,t,2459117.10806343
T001694,hires_j,60036,t,2459093.12214336
T001694,hires_j,60044,t,2459092.13074806
T001694,hires_j,10108,f,2458880.93376313
T001710,hires_j,60028,t,2459121.12611306
T001710,hires_j,21828,t,2459120.13604292
T001710,hires_j,10004,f,2458903.78037347
T001723,hires_j,60372,t,2459143.08334468
T001723,hires_j,250004,f,2459122.11226259
T001723,hires_j,60216,t,2459115.12765987
T001723,hires_j,60136,t,2458999.7391008
T001723,hires_j,10752,f,2458904.87190543
T001753,hires_j,53056,t,2459114.84306734
T001753,hires_j,27912,t,2459088.82480941
T001753,hires_j,10108,f,2458919.0727778
T001758,hires_j,60008,t,2459143.05960031
T001758,hires_j,125140,f,2459122.97686762
T001758,hires_j,60016,t,2459115.98733722
T001758,hires_j,60012,t,2459091.09201321
T001758,hires_j,60032,t,2459069.08572184
T001758,hires_j,10072,f,2459030.10946937
T001759,hires_j,80072,t,2459142.97068216
T001759,hires_j,80044,t,2459117.02012787
T001759,hires_j,80044,t,2459116.04771031
T001759,hires_j,80048,t,2459115.00004728
T001759,hires_j,80048,t,2459102.04296574
T001759,hires_j,80004,t,2459100.99663666
T001759,hires_j,80044,t,2459091.07626735
T001759,hires_j,80084,t,2459089.02445432
T001759,hires_j,80044,t,2459079.0483533
T001759,hires_j,80060,t,2459073.08582159
T001759,hires_j,125052,f,2459072.09327609
T001759,hires_j,80060,t,2459071.09744416
T001759,hires_j,80080,t,2459069.07213118
T001759,hires_j,80044,t,2459058.08484479
T001759,hires_j,80020,t,2459041.92124482
T001759,hires_j,80068,t,2459040.08978381
T001759,hires_j,80076,t,2459039.07876005
T001759,hires_j,80112,t,2459036.91545702
T001759,hires_j,80032,t,2459036.07698715
T001759,hires_j,80068,t,2459029.0435651
T001759,hires_j,10100,f,2459025.04661782
T001775,hires_j,44812,t,2459143.1107794
T001775,hires_j,10084,f,2458995.80076086
T001794,hires_j,60152,t,2459114.70822535
T001794,hires_j,60072,t,2459091.7642249
T001794,hires_j,60024,t,2459068.79157347
T001794,hires_j,60232,t,2459029.8733056
T001794,hires_j,60140,t,2459029.82770624
T001794,hires_j,60180,t,2459029.78021999
T001794,hires_j,10040,f,2458995.81252304
T001824,hires_j,125200,t,2459101.72497153
T001824,hires_j,125048,t,2459090.73635389
T001824,hires_j,60380,t,2459077.73946154
T001824,hires_j,125064,t,2459051.78618575
T001824,hires_j,250288,f,2459041.79298136
T001824,hires_j,98024,t,2459040.80367582
T001824,hires_j,125068,t,2459038.78572685
T001824,hires_j,60272,t,2459030.7943663
T001824,hires_j,60052,t,2459003.86028303
T001824,hires_j,60060,t,2459002.88902319
T001824,apf,33800000,f,2458968.75956845
T001824,apf,33300000,f,2458968.75540245
T001824,apf,33400000,f,2458968.75157145
T001824,apf,133000000,t,2458967.74087543
T001824,apf,151000000,t,2458967.72070243
T001824,apf,147000000,t,2458967.70076143
T002088,hires_j,78748,t,2459121.847093
T002088,hires_j,51012,t,2459118.87901076
T002088,hires_j,78780,t,2459101.82286033
T002088,hires_j,104084,f,2459092.86251074
T002088,hires_j,66108,t,2459091.87600419
T002088,hires_j,77332,t,2459089.8894844
T002088,hires_j,80252,t,2459077.87044869
T002088,hires_j,46484,t,2459070.94733374
T002088,hires_j,10056,f,2459068.84196735
TIC142381532,hires_j,60156,t,2459092.74423604
TIC142381532,hires_j,59724,t,2459067.80251476
TIC142381532,apf,35500000,t,2459026.81856269
TIC142381532,apf,24600000,t,2459026.80475469
TIC142381532,hires_j,232228,f,2459024.80754259
TIC142381532,hires_j,10276,f,2459011.84335251
TIC142381532,hires_j,10208,f,2459002.91806945
TIC142381532,hires_j,10236,f,2458999.87994888
TIC142381532,apf,43800000,t,2458992.91296616
TIC142381532,apf,54800000,t,2458980.82420497
TIC142381532,apf,67800000,t,2458973.78411685
TIC142381532,apf,31600000,t,2458970.7780628
TIC142381532,apf,49300000,t,2458967.68070175
TIC142381532,apf,60900000,t,2458965.78494072
TIC142381532,apf,70200000,t,2458964.8175637
TIC142381532,apf,38500000,t,2458963.66534568
TIC142381532,apf,35900000,t,2458962.68788667
TIC142381532,apf,41200000,t,2458962.66447367
TIC142381532,apf,51200000,t,2458961.68243265
TIC142381532,hires_j,30088,f,2458913.1029168
WASP156,hires_j,60068,t,2459143.02260442
WASP156,hires_j,235036,f,2459117.08195795
WASP156,hires_j,60088,t,2459093.09230661
WASP156,hires_j,60072,t,2459071.07124417
WASP156,hires_j,10348,f,2458809.02144974
